Wisconsin Lottery - Powerball Winning Numbers - Order Drawn,,,,,,
01-06-2026,47,42,57,2,58,14
30-05-2026,52,44,35,1,27,12
27-05-2026,5,21,51,31,14,13
25-05-2026,32,60,17,48,64,10
23-05-2026,41,4,66,48,16,26
20-05-2026,10,57,46,30,28,25
18-05-2026,13,4,34,61,65,12
16-05-2026,44,37,65,40,8,18
13-05-2026,67,22,52,56,31,15
11-05-2026,64,24,56,37,30,7
09-05-2026,41,15,47,46,56,22
06-05-2026,51,65,18,27,68,5
04-05-2026,30,42,60,63,36,13
02-05-2026,25,65,52,37,42,14
29-04-2026,51,19,3,67,35,15
27-04-2026,18,31,36,33,62,3
25-04-2026,36,30,57,52,4,2
22-04-2026,49,63,32,24,29,11
20-04-2026,17,47,9,64,36,26
18-04-2026,39,25,24,46,61,1
15-04-2026,21,13,27,43,45,26
13-04-2026,38,43,64,59,63,15
11-04-2026,49,47,60,6,53,6
08-04-2026,42,3,52,16,17,3
06-04-2026,42,57,24,37,7,5
04-04-2026,13,65,41,6,3,1
01-04-2026,11,10,52,64,4,24
30-03-2026,7,57,11,31,41,20
28-03-2026,61,42,11,43,59,25
25-03-2026,7,56,21,64,55,26
23-03-2026,63,56,18,12,47,1
21-03-2026,12,59,36,28,41,2
18-03-2026,18,69,14,19,21,1
16-03-2026,10,20,7,52,47,20
14-03-2026,50,9,42,30,52,21
11-03-2026,58,63,6,55,3,12
09-03-2026,22,54,23,28,36,13
07-03-2026,17,68,30,18,50,24
04-03-2026,14,47,42,7,56,6
02-03-2026,18,17,38,62,2,20
28-02-2026,54,65,20,35,6,10
25-02-2026,50,54,56,52,64,23
23-02-2026,29,11,5,23,47,6
21-02-2026,36,49,28,48,27,21
18-02-2026,9,64,52,66,33,1
16-02-2026,18,58,16,19,56,6
14-02-2026,58,60,64,43,23,24
11-02-2026,33,40,20,6,48,5
09-02-2026,22,19,28,6,48,24
07-02-2026,42,36,25,51,58,6
04-02-2026,37,30,29,27,58,15
02-02-2026,60,65,3,8,31,4
31-01-2026,2,40,14,63,8,23
28-01-2026,21,35,68,40,46,11
26-01-2026,31,60,21,63,51,18
24-01-2026,2,63,16,61,35,5
21-01-2026,11,27,55,53,26,12
19-01-2026,5,55,34,28,37,17
17-01-2026,57,8,5,49,27,14
14-01-2026,24,6,51,43,39,2
12-01-2026,5,45,59,27,56,4
10-01-2026,5,64,19,28,21,14
07-01-2026,57,28,15,58,63,23
05-01-2026,51,4,56,18,24,14
03-01-2026,60,53,18,21,40,23
31-12-2025,21,11,38,24,18,26
29-12-2025,11,19,34,53,48,21
27-12-2025,62,5,34,39,20,1
24-12-2025,25,59,4,52,31,19
22-12-2025,36,54,18,3,41,7
20-12-2025,28,5,52,69,4,20
17-12-2025,25,66,33,53,62,17
15-12-2025,59,68,63,23,35,2
13-12-2025,58,28,31,1,57,16
10-12-2025,10,29,69,16,33,22
08-12-2025,64,8,52,56,32,23
06-12-2025,13,26,28,14,44,7
03-12-2025,46,1,14,20,51,26
01-12-2025,18,5,26,59,47,1
29-11-2025,30,19,32,59,22,1
26-11-2025,15,19,28,7,8,3
24-11-2025,30,26,8,16,58,14
22-11-2025,69,32,36,51,28,2
19-11-2025,10,51,31,49,68,19
17-11-2025,50,33,66,57,7,23
15-11-2025,7,6,47,53,12,21
12-11-2025,43,51,29,65,39,23
10-11-2025,58,28,44,48,6,23
08-11-2025,53,3,68,60,62,11
05-11-2025,61,17,29,66,9,26
03-11-2025,43,3,32,57,40,18
01-11-2025,62,26,44,43,2,22
29-10-2025,60,65,49,4,24,1
27-10-2025,39,17,43,51,66,20
25-10-2025,39,2,12,22,67,15
22-10-2025,18,52,54,60,37,12
20-10-2025,32,38,69,66,67,19
18-10-2025,11,27,58,40,3,10
15-10-2025,47,28,10,34,13,15
13-10-2025,14,52,64,32,13,12
11-10-2025,13,27,16,18,20,10
08-10-2025,10,44,54,48,8,14
06-10-2025,29,32,67,66,28,3
04-10-2025,67,7,3,47,68,2
01-10-2025,28,8,17,55,22,14
29-09-2025,27,65,60,1,3,16
27-09-2025,61,32,16,10,66,4
24-09-2025,53,49,31,45,15,19
22-09-2025,46,59,3,29,42,15
20-09-2025,67,64,15,29,66,4
17-09-2025,30,50,54,62,7,20
15-09-2025,42,32,49,15,14,1
13-09-2025,50,53,28,37,42,19
10-09-2025,24,2,64,45,53,5
08-09-2025,53,28,41,26,64,9
06-09-2025,61,23,62,44,11,17
03-09-2025,61,29,69,16,3,22
01-09-2025,25,23,8,40,53,5
30-08-2025,22,3,33,18,27,17
27-08-2025,9,12,22,61,41,25
25-08-2025,19,64,34,16,37,22
23-08-2025,34,14,11,47,51,18
20-08-2025,68,31,65,59,62,5
18-08-2025,63,15,64,61,46,1
16-08-2025,40,23,49,65,69,23
13-08-2025,11,4,50,40,44,4
11-08-2025,40,6,16,33,62,2
09-08-2025,23,24,60,7,14,14
06-08-2025,15,27,45,53,43,9
04-08-2025,9,31,38,19,8,21
02-08-2025,36,34,35,6,18,2
30-07-2025,15,64,35,50,4,8
28-07-2025,35,36,62,7,43,3
26-07-2025,57,8,67,65,31,23
23-07-2025,19,35,2,25,18,25
21-07-2025,33,28,42,11,8,2
19-07-2025,28,69,48,61,51,20
16-07-2025,43,21,49,4,48,22
14-07-2025,63,12,8,45,46,24
12-07-2025,16,8,54,33,24,18
09-07-2025,25,9,69,28,5,5
07-07-2025,69,61,33,58,35,25
05-07-2025,58,50,1,28,34,8
02-07-2025,7,21,19,63,54,21
30-06-2025,52,13,28,55,44,6
28-06-2025,4,43,62,52,35,12
25-06-2025,37,61,12,2,51,22
23-06-2025,42,25,44,65,5,20
21-06-2025,52,32,62,3,16,24
18-06-2025,50,64,23,29,67,11
16-06-2025,27,21,17,23,52,19
14-06-2025,4,59,23,9,6,25
11-06-2025,25,53,13,37,29,3
09-06-2025,43,33,30,52,40,25
07-06-2025,36,43,31,62,48,25
04-06-2025,17,35,45,5,23,24
02-06-2025,7,1,61,57,44,21
31-05-2025,56,37,29,1,68,13
28-05-2025,27,23,32,35,59,11
26-05-2025,47,67,13,64,52,25
24-05-2025,48,28,18,52,12,5
21-05-2025,29,9,31,34,43,2
19-05-2025,14,13,50,60,37,11
17-05-2025,42,52,7,34,40,15
14-05-2025,29,24,4,53,10,4
12-05-2025,15,48,16,41,60,21
10-05-2025,5,39,28,20,42,13
07-05-2025,30,40,59,14,15,20
05-05-2025,34,16,40,45,66,19
03-05-2025,10,65,23,21,35,24
30-04-2025,3,57,1,2,59,9
28-04-2025,51,26,56,43,60,24
26-04-2025,1,12,69,18,14,2
23-04-2025,44,69,66,15,63,20
21-04-2025,51,33,46,4,45,25
19-04-2025,63,37,7,39,25,1
16-04-2025,49,20,42,43,24,19
14-04-2025,52,62,20,3,30,1
12-04-2025,53,44,16,22,45,19
09-04-2025,4,55,37,29,67,10
07-04-2025,66,23,59,48,20,4
05-04-2025,23,30,46,4,62,2
02-04-2025,17,5,64,41,69,1
31-03-2025,64,12,41,44,52,25
29-03-2025,21,7,11,61,53,2
26-03-2025,53,39,29,20,5,6
24-03-2025,36,6,47,35,23,12
22-03-2025,57,7,25,46,6,12
19-03-2025,59,21,49,11,8,15
17-03-2025,60,18,38,23,11,9
15-03-2025,54,12,33,36,28,5
12-03-2025,58,11,28,51,13,1
10-03-2025,17,47,55,50,40,6
08-03-2025,23,2,16,63,4,13
05-03-2025,40,24,28,65,63,20
03-03-2025,18,50,52,56,20,20
01-03-2025,36,2,49,23,44,25
26-02-2025,48,28,55,60,62,20
24-02-2025,68,59,10,34,11,14
22-02-2025,22,65,18,50,7,15
19-02-2025,60,21,49,28,6,20
17-02-2025,52,4,47,44,57,9
15-02-2025,45,3,56,54,16,12
12-02-2025,49,32,21,45,36,18
10-02-2025,43,18,29,17,2,3
08-02-2025,60,62,23,57,44,9
05-02-2025,19,62,50,30,27,14
03-02-2025,37,60,47,12,54,17
01-02-2025,32,29,49,23,61,8
29-01-2025,38,31,12,8,33,18
27-01-2025,2,47,55,40,53,20
25-01-2025,8,17,15,53,66,14
22-01-2025,40,6,49,27,5,5
20-01-2025,54,32,15,47,16,6
18-01-2025,35,14,69,31,64,23
15-01-2025,41,58,52,53,8,7
13-01-2025,4,6,66,16,39,9
11-01-2025,32,65,6,3,37,4
08-01-2025,43,20,1,36,38,24
06-01-2025,17,34,46,67,66,14
04-01-2025,43,54,56,26,32,24
01-01-2025,66,6,28,12,35,26
30-12-2024,39,9,38,19,33,1
28-12-2024,55,6,31,51,54,12
25-12-2024,30,26,15,35,27,3
23-12-2024,22,57,42,64,44,18
21-12-2024,21,1,17,12,58,1
18-12-2024,15,18,6,33,49,7
16-12-2024,33,57,9,61,30,17
14-12-2024,12,52,17,23,67,1
11-12-2024,50,13,44,52,54,20
09-12-2024,45,35,37,51,40,24
07-12-2024,57,43,31,55,1,22
04-12-2024,28,61,23,25,1,13
02-12-2024,26,61,9,3,67,13
30-11-2024,4,29,24,39,63,25
27-11-2024,13,7,6,1,40,5
25-11-2024,5,35,63,60,45,12
23-11-2024,13,67,12,34,44,8
20-11-2024,62,30,60,64,16,25
18-11-2024,69,52,27,31,41,26
16-11-2024,38,25,22,21,32,16
13-11-2024,58,20,43,9,26,9
11-11-2024,46,24,21,34,3,9
09-11-2024,24,56,50,11,66,16
06-11-2024,37,17,12,62,58,4
04-11-2024,48,53,6,33,18,21
02-11-2024,58,61,45,48,10,2
30-10-2024,13,29,43,58,22,22
28-10-2024,21,27,67,48,32,17
26-10-2024,51,45,12,40,8,15
23-10-2024,2,29,15,27,39,20
21-10-2024,25,57,62,64,1,15
19-10-2024,45,7,19,16,64,25
16-10-2024,44,39,4,60,30,11
14-10-2024,14,33,64,67,18,14
12-10-2024,20,41,57,14,5,6
09-10-2024,32,43,66,53,25,10
07-10-2024,31,63,52,18,30,22
05-10-2024,2,46,12,52,65,3
02-10-2024,37,21,2,43,1,21
30-09-2024,69,30,11,9,43,20
28-09-2024,11,24,13,39,3,22
25-09-2024,26,46,45,52,2,21
23-09-2024,37,21,15,25,45,19
21-09-2024,21,45,17,37,19,14
18-09-2024,1,22,68,47,11,7
16-09-2024,31,9,11,8,27,17
14-09-2024,34,48,56,29,38,16
11-09-2024,55,67,10,12,65,3
09-09-2024,21,60,47,1,16,5
07-09-2024,63,55,34,37,14,20
04-09-2024,7,33,59,10,21,20
02-09-2024,8,46,48,53,42,22
31-08-2024,4,34,69,38,35,19
28-08-2024,33,5,50,47,64,20
26-08-2024,69,68,23,2,4,15
24-08-2024,15,43,21,24,5,17
21-08-2024,33,67,27,38,31,3
19-08-2024,28,1,15,23,2,10
17-08-2024,31,43,12,45,46,22
14-08-2024,8,29,23,62,9,13
12-08-2024,22,68,9,67,57,14
10-08-2024,24,69,33,64,9,9
07-08-2024,57,47,35,19,6,9
05-08-2024,54,44,42,29,51,12
03-08-2024,33,13,61,40,60,20
31-07-2024,34,23,37,58,50,7
29-07-2024,30,11,44,27,33,16
27-07-2024,64,40,31,3,37,17
24-07-2024,42,16,68,59,63,13
22-07-2024,31,58,56,69,36,20
20-07-2024,57,40,18,25,31,4
17-07-2024,47,66,24,27,32,26
15-07-2024,9,45,39,31,40,23
13-07-2024,9,66,55,59,69,21
10-07-2024,11,7,12,27,46,26
08-07-2024,45,31,22,33,20,1
06-07-2024,39,49,35,32,5,21
03-07-2024,55,26,2,33,57,22
01-07-2024,55,9,39,32,5,9
29-06-2024,51,61,54,26,69,25
26-06-2024,56,4,9,47,36,7
24-06-2024,5,36,53,6,69,8
22-06-2024,4,15,62,32,5,21
19-06-2024,50,27,4,44,64,7
17-06-2024,58,30,66,53,48,9
15-06-2024,54,48,4,56,36,2
12-06-2024,30,62,61,19,31,21
10-06-2024,33,58,3,10,59,9
08-06-2024,38,54,64,8,52,15
05-06-2024,69,45,8,44,51,12
03-06-2024,19,45,35,29,36,16
01-06-2024,38,28,68,52,54,8
29-05-2024,17,60,56,61,34,9
27-05-2024,30,39,49,59,9,21
25-05-2024,6,33,35,36,64,24
22-05-2024,16,5,67,18,26,4
20-05-2024,68,7,1,48,64,5
18-05-2024,42,59,37,19,36,19
15-05-2024,55,45,69,19,42,6
13-05-2024,14,5,29,38,66,1
11-05-2024,6,49,39,67,3,21
08-05-2024,43,51,44,7,41,5
06-05-2024,60,56,7,24,23,25
04-05-2024,14,20,69,23,53,4
01-05-2024,1,21,19,11,68,15
29-04-2024,69,47,11,67,38,14
27-04-2024,62,55,53,9,30,23
24-04-2024,26,2,20,47,22,21
22-04-2024,39,12,16,52,33,1
20-04-2024,4,58,44,35,41,25
17-04-2024,24,54,44,47,29,2
15-04-2024,7,56,61,16,41,23
13-04-2024,43,40,33,69,7,10
10-04-2024,36,12,6,7,24,15
08-04-2024,6,54,23,39,21,23
06-04-2024,44,27,52,22,69,9
03-04-2024,11,62,65,38,41,15
01-04-2024,24,56,19,40,42,23
30-03-2024,33,13,50,12,52,23
27-03-2024,57,60,46,66,37,8
25-03-2024,19,7,68,53,11,23
23-03-2024,6,23,51,25,34,3
20-03-2024,66,22,13,54,27,9
18-03-2024,44,39,10,17,20,16
16-03-2024,44,23,12,61,57,5
13-03-2024,29,21,62,59,54,4
11-03-2024,16,3,7,66,1,5
09-03-2024,52,63,36,30,49,16
06-03-2024,44,6,19,28,60,10
04-03-2024,42,67,36,52,50,26
02-03-2024,3,18,36,53,27,12
28-02-2024,50,38,26,29,16,6
26-02-2024,54,29,42,51,24,16
24-02-2024,3,40,58,8,53,3
21-02-2024,42,33,4,27,41,14
19-02-2024,23,45,53,4,50,17
17-02-2024,62,28,6,59,69,21
14-02-2024,1,4,45,67,47,18
12-02-2024,53,17,36,67,43,14
10-02-2024,37,27,28,34,44,8
07-02-2024,21,12,62,69,67,17
05-02-2024,1,30,27,2,67,9
03-02-2024,27,11,66,9,59,19
31-01-2024,15,43,41,19,18,14
29-01-2024,39,49,41,64,43,4
27-01-2024,38,65,68,7,66,21
24-01-2024,32,50,5,1,64,8
22-01-2024,24,63,43,25,52,21
20-01-2024,34,16,65,47,31,10
17-01-2024,65,61,22,18,43,2
15-01-2024,59,30,49,35,13,4
13-01-2024,31,13,51,58,33,15
10-01-2024,48,43,25,50,40,11
08-01-2024,7,28,40,17,45,2
06-01-2024,4,34,61,31,38,13
03-01-2024,48,30,38,68,31,8
01-01-2024,21,49,44,42,12,1
30-12-2023,26,10,34,11,27,7
27-12-2023,4,11,38,51,68,5
25-12-2023,24,20,12,5,29,4
23-12-2023,53,14,9,17,18,6
20-12-2023,41,56,35,60,27,16
18-12-2023,5,34,39,19,8,26
16-12-2023,9,3,10,20,62,25
13-12-2023,56,8,41,64,3,18
11-12-2023,31,24,62,27,1,20
09-12-2023,40,25,60,5,26,1
06-12-2023,56,2,65,12,37,21
04-12-2023,18,27,45,28,19,9
02-12-2023,35,41,60,28,47,3
29-11-2023,47,50,68,6,61,4
27-11-2023,2,61,38,66,21,12
25-11-2023,68,27,63,33,66,9
22-11-2023,42,20,39,24,33,21
20-11-2023,26,63,39,19,30,13
18-11-2023,34,61,50,51,67,20
15-11-2023,53,4,3,51,60,6
13-11-2023,35,37,33,24,42,21
11-11-2023,14,12,57,1,24,7
08-11-2023,21,33,62,39,14,20
06-11-2023,12,40,25,61,59,26
04-11-2023,28,34,1,52,30,6
01-11-2023,39,22,26,47,63,12
30-10-2023,69,19,22,66,34,5
28-10-2023,59,24,64,50,14,2
25-10-2023,68,41,53,27,25,2
23-10-2023,46,18,21,25,64,21
21-10-2023,68,24,15,67,6,11
18-10-2023,13,35,1,4,58,24
16-10-2023,2,64,31,27,44,18
14-10-2023,14,42,64,16,48,14
11-10-2023,24,52,40,22,64,10
09-10-2023,67,34,46,55,16,14
07-10-2023,47,60,57,65,54,19
04-10-2023,63,9,35,64,54,1
02-10-2023,27,12,43,47,26,5
30-09-2023,30,19,46,37,44,22
27-09-2023,47,63,1,46,7,7
25-09-2023,50,10,36,22,12,4
23-09-2023,1,12,66,20,33,21
20-09-2023,27,62,16,59,63,23
18-09-2023,42,26,2,21,40,9
16-09-2023,46,19,24,8,11,5
13-09-2023,37,22,45,44,30,18
11-09-2023,53,27,25,66,9,5
09-09-2023,29,19,11,63,68,25
06-09-2023,20,23,9,14,63,1
04-09-2023,51,1,32,46,26,13
02-09-2023,38,67,25,66,42,19
30-08-2023,35,69,61,13,4,4
28-08-2023,55,6,25,68,4,26
26-08-2023,26,20,63,22,28,5
23-08-2023,33,30,32,25,55,20
21-08-2023,3,4,28,12,22,16
19-08-2023,27,38,1,62,25,13
16-08-2023,55,9,11,19,17,1
14-08-2023,37,34,47,39,32,3
12-08-2023,19,50,65,21,37,26
09-08-2023,15,67,10,21,69,3
07-08-2023,13,6,20,54,35,22
05-08-2023,62,44,65,18,42,23
02-08-2023,64,33,24,23,51,5
31-07-2023,58,2,65,11,48,13
29-07-2023,27,10,34,25,38,2
26-07-2023,3,40,16,60,48,14
24-07-2023,49,3,12,28,4,25
22-07-2023,63,37,25,27,36,7
19-07-2023,7,13,10,24,11,24
17-07-2023,17,8,9,41,5,21
15-07-2023,57,43,2,55,9,18
12-07-2023,66,45,23,35,67,20
10-07-2023,34,58,24,2,53,13
08-07-2023,24,7,32,23,43,18
05-07-2023,68,17,24,62,48,23
03-07-2023,31,38,15,61,26,3
01-07-2023,4,49,61,17,35,8
28-06-2023,34,19,68,25,57,4
26-06-2023,6,54,43,28,39,12
24-06-2023,38,44,50,2,62,19
21-06-2023,5,33,35,11,63,14
19-06-2023,69,57,52,39,36,1
17-06-2023,12,61,2,64,45,26
14-06-2023,20,3,42,36,64,4
12-06-2023,68,2,23,3,16,7
10-06-2023,42,46,50,21,32,4
07-06-2023,16,53,29,66,21,2
05-06-2023,46,2,45,31,49,20
03-06-2023,15,67,64,45,68,18
31-05-2023,62,54,4,2,61,14
29-05-2023,64,35,21,62,33,24
27-05-2023,48,39,56,38,24,4
24-05-2023,58,44,21,50,12,26
22-05-2023,38,52,48,9,68,25
20-05-2023,23,63,32,38,17,23
17-05-2023,51,18,37,45,34,14
15-05-2023,58,1,26,55,28,25
13-05-2023,3,46,20,23,15,11
10-05-2023,24,55,69,21,33,3
08-05-2023,15,33,43,36,20,12
06-05-2023,39,51,53,31,47,6
03-05-2023,26,21,47,30,45,23
01-05-2023,61,38,66,55,3,1
29-04-2023,16,53,65,57,54,8
26-04-2023,15,49,2,30,35,6
24-04-2023,19,55,68,66,21,3
22-04-2023,63,68,17,36,47,25
19-04-2023,21,4,11,64,38,11
17-04-2023,64,35,63,23,25,25
15-04-2023,56,1,33,34,59,18
12-04-2023,41,36,59,9,44,4
10-04-2023,46,52,9,10,36,14
08-04-2023,51,11,22,60,24,18
05-04-2023,52,42,9,3,5,11
03-04-2023,16,31,68,30,54,1
01-04-2023,19,29,21,11,52,17
29-03-2023,66,9,24,46,4,7
27-03-2023,36,19,26,58,43,14
25-03-2023,15,57,18,47,17,19
22-03-2023,37,27,28,50,57,5
20-03-2023,32,67,47,1,27,14
18-03-2023,69,20,14,30,54,11
15-03-2023,18,33,37,50,16,8
13-03-2023,3,46,24,10,63,4
11-03-2023,33,58,11,43,20,24
08-03-2023,43,69,26,27,61,4
06-03-2023,69,58,13,29,2,4
04-03-2023,10,40,16,18,66,16
01-03-2023,2,28,9,36,53,4
27-02-2023,55,49,16,28,51,23
25-02-2023,24,66,58,11,67,26
22-02-2023,11,39,65,44,19,7
20-02-2023,17,3,54,38,26,15
18-02-2023,31,8,37,32,21,23
15-02-2023,60,31,63,54,32,12
13-02-2023,26,37,17,65,61,2
11-02-2023,65,30,10,23,54,11
08-02-2023,64,59,66,58,52,9
06-02-2023,22,11,23,5,69,7
04-02-2023,58,2,15,19,8,10
01-02-2023,58,59,43,31,66,9
30-01-2023,49,1,36,4,12,5
28-01-2023,23,27,47,18,2,15
25-01-2023,17,38,20,9,40,18
23-01-2023,47,60,31,58,12,23
21-01-2023,14,5,64,19,46,22
18-01-2023,15,47,22,6,42,26
16-01-2023,14,33,4,61,39,3
14-01-2023,24,26,57,39,47,23
11-01-2023,4,47,48,8,46,5
09-01-2023,18,43,48,60,69,14
07-01-2023,45,36,67,35,44,14
04-01-2023,68,12,56,32,67,26
02-01-2023,9,62,12,7,31,22
31-12-2022,18,37,44,64,50,11
28-12-2022,32,38,45,26,56,1
26-12-2022,60,41,47,17,61,17
24-12-2022,37,17,67,54,46,8
21-12-2022,34,15,59,24,12,14
19-12-2022,55,37,65,7,67,12
17-12-2022,56,33,66,68,64,12
14-12-2022,36,51,68,66,59,25
12-12-2022,55,16,50,31,61,9
10-12-2022,23,9,68,49,47,19
07-12-2022,61,59,28,6,44,21
05-12-2022,35,54,55,45,47,14
03-12-2022,13,36,37,6,33,7
30-11-2022,4,24,47,66,19,10
28-11-2022,48,30,50,32,29,20
26-11-2022,15,30,47,50,51,3
23-11-2022,31,2,1,39,66,25
21-11-2022,1,67,51,40,6,2
19-11-2022,62,63,28,7,64,10
16-11-2022,53,56,28,34,51,11
14-11-2022,54,67,19,53,35,21
12-11-2022,58,57,20,44,16,6
09-11-2022,14,24,7,30,56,7
07-11-2022,56,41,33,47,10,10
05-11-2022,69,53,45,56,28,20
02-11-2022,22,11,60,2,35,23
31-10-2022,19,13,39,59,36,13
29-10-2022,40,19,57,31,46,23
26-10-2022,46,37,19,56,36,24
24-10-2022,23,45,54,35,18,16
22-10-2022,55,25,60,19,48,18
19-10-2022,27,42,15,8,6,10
17-10-2022,46,30,36,19,60,25
15-10-2022,32,62,40,58,37,15
12-10-2022,59,30,42,14,41,6
10-10-2022,17,3,22,11,6,11
08-10-2022,53,60,68,43,13,5
05-10-2022,26,37,33,62,30,6
03-10-2022,55,63,2,16,22,22
01-10-2022,69,22,21,65,8,26
28-09-2022,10,67,33,24,6,11
26-09-2022,31,33,13,20,59,20
24-09-2022,3,21,29,24,9,14
21-09-2022,33,34,6,54,45,7
19-09-2022,7,15,67,46,36,7
17-09-2022,5,25,36,61,51,1
14-09-2022,20,10,22,52,9,25
12-09-2022,66,14,34,6,16,25
10-09-2022,56,68,38,42,69,4
07-09-2022,3,33,16,30,36,20
05-09-2022,4,7,55,32,64,25
03-09-2022,18,27,65,49,69,9
31-08-2022,24,19,7,8,28,1
29-08-2022,69,61,43,13,36,18
27-08-2022,2,65,60,18,56,14
24-08-2022,37,35,6,24,44,22
22-08-2022,12,55,67,27,34,9
20-08-2022,16,11,9,66,5,7
17-08-2022,41,23,55,50,28,24
15-08-2022,20,50,47,63,24,5
13-08-2022,43,35,24,62,19,2
10-08-2022,68,59,61,44,29,19
08-08-2022,58,45,51,57,32,12
06-08-2022,15,8,46,56,68,3
03-08-2022,9,66,21,57,56,11
01-08-2022,31,65,36,15,21,16
30-07-2022,17,4,58,68,57,12
27-07-2022,25,55,1,44,57,26
25-07-2022,25,37,38,39,65,5
23-07-2022,59,39,41,54,62,12
20-07-2022,20,10,65,23,49,22
18-07-2022,36,14,50,58,34,5
16-07-2022,23,57,32,18,3,21
13-07-2022,22,23,47,63,36,2
11-07-2022,52,37,34,4,26,9
09-07-2022,42,22,52,46,14,24
06-07-2022,36,32,69,49,62,13
04-07-2022,16,15,56,31,24,4
02-07-2022,59,10,9,37,62,26
29-06-2022,63,40,8,49,58,14
27-06-2022,13,30,37,18,11,16
25-06-2022,12,20,32,27,6,4
22-06-2022,10,56,6,31,48,12
20-06-2022,3,44,69,61,63,13
18-06-2022,40,45,10,19,58,25
15-06-2022,28,19,42,41,51,7
13-06-2022,2,44,42,51,27,25
11-06-2022,26,53,69,20,18,5
08-06-2022,39,43,62,22,64,7
06-06-2022,10,2,44,35,46,4
04-06-2022,60,52,14,16,36,16
01-06-2022,41,56,63,11,57,2
30-05-2022,51,69,28,68,27,22
28-05-2022,66,50,61,39,2,15
25-05-2022,42,19,28,39,57,17
23-05-2022,42,37,33,1,39,26
21-05-2022,15,52,25,58,14,11
18-05-2022,64,41,40,58,65,17
16-05-2022,7,22,15,36,64,13
14-05-2022,6,52,40,45,41,9
11-05-2022,61,5,7,69,63,18
09-05-2022,18,56,30,35,52,5
07-05-2022,5,28,6,67,4,10
04-05-2022,55,63,69,39,37,23
02-05-2022,18,39,44,33,27,8
30-04-2022,21,37,44,63,14,1
27-04-2022,62,68,61,11,36,4
25-04-2022,18,61,12,39,20,10
23-04-2022,49,10,56,39,47,8
20-04-2022,55,30,56,20,45,14
18-04-2022,8,33,59,55,62,18
16-04-2022,62,32,15,65,21,26
13-04-2022,63,68,41,16,14,26
11-04-2022,5,34,24,31,7,4
09-04-2022,62,31,66,6,16,18
06-04-2022,6,45,47,42,64,18
04-04-2022,2,39,69,32,46,6
02-04-2022,58,59,47,28,6,18
30-03-2022,37,3,31,21,7,11
28-03-2022,62,11,18,58,39,3
26-03-2022,2,50,10,59,61,6
23-03-2022,37,38,31,32,48,24
21-03-2022,26,15,65,63,1,16
19-03-2022,9,52,18,8,48,6
16-03-2022,58,35,28,34,3,17
14-03-2022,21,28,32,49,44,6
12-03-2022,19,39,37,61,20,8
09-03-2022,34,13,22,67,51,10
07-03-2022,59,67,10,55,43,2
05-03-2022,37,23,52,63,8,13
02-03-2022,63,61,48,19,37,12
28-02-2022,21,7,39,47,55,19
26-02-2022,48,32,36,64,15,19
23-02-2022,64,35,17,6,21,18
21-02-2022,37,45,36,69,2,3
19-02-2022,10,3,15,42,33,11
16-02-2022,40,22,48,30,42,16
14-02-2022,49,55,16,27,25,17
12-02-2022,10,8,41,21,62,7
09-02-2022,63,17,51,2,33,26
07-02-2022,65,5,15,38,47,10
05-02-2022,39,61,27,16,5,24
02-02-2022,33,62,18,63,29,15
31-01-2022,61,10,69,51,15,14
29-01-2022,54,2,15,65,38,11
26-01-2022,69,38,49,4,11,16
24-01-2022,11,53,47,30,29,16
22-01-2022,67,14,8,33,36,17
19-01-2022,11,43,61,15,55,10
17-01-2022,46,65,24,35,9,22
15-01-2022,3,59,37,51,18,13
12-01-2022,21,22,30,12,33,24
10-01-2022,17,21,14,27,18,9
08-01-2022,21,20,65,36,60,13
05-01-2022,25,6,14,33,46,17
03-01-2022,2,33,13,32,48,22
01-01-2022,39,48,12,50,6,7
29-12-2021,39,6,9,33,2,11
27-12-2021,62,45,36,64,38,19
25-12-2021,29,45,58,55,27,2
22-12-2021,16,68,48,7,19,15
20-12-2021,13,66,2,23,34,2
18-12-2021,61,24,51,6,2,1
15-12-2021,19,20,59,40,42,15
13-12-2021,10,37,59,53,30,4
11-12-2021,25,53,44,3,64,10
08-12-2021,33,50,7,3,69,24
06-12-2021,3,21,59,50,38,6
04-12-2021,56,45,10,40,67,2
01-12-2021,12,57,38,15,63,24
29-11-2021,28,26,18,38,47,17
27-11-2021,32,55,66,64,8,10
24-11-2021,65,16,63,10,32,17
22-11-2021,7,67,20,29,38,22
20-11-2021,48,59,40,69,43,19
17-11-2021,48,3,60,16,52,1
15-11-2021,53,31,51,34,5,23
13-11-2021,45,15,35,26,8,9
10-11-2021,46,25,43,48,19,14
08-11-2021,47,46,62,57,21,8
06-11-2021,64,8,48,30,57,9
03-11-2021,50,1,57,24,2,26
01-11-2021,44,9,25,34,45,8
30-10-2021,56,23,28,5,43,19
27-10-2021,3,26,51,35,6,17
25-10-2021,29,58,44,10,27,24
23-10-2021,30,10,57,63,51,20
20-10-2021,7,41,29,43,36,5
18-10-2021,53,30,63,48,32,12
16-10-2021,30,48,31,41,42,3
13-10-2021,47,23,59,29,60,15
11-10-2021,20,11,33,39,65,24
09-10-2021,62,12,30,17,45,5
06-10-2021,17,64,52,1,58,1
04-10-2021,66,12,22,54,69,15
02-10-2021,42,38,47,52,28,1
29-09-2021,32,17,2,7,11,11
27-09-2021,44,21,22,39,60,12
25-09-2021,37,23,62,22,63,19
22-09-2021,47,63,20,40,55,5
20-09-2021,58,51,37,54,60,19
18-09-2021,45,39,5,57,36,11
15-09-2021,46,4,62,1,18,25
13-09-2021,37,63,61,50,40,21
11-09-2021,40,38,31,20,49,21
08-09-2021,22,9,41,61,47,21
06-09-2021,33,11,54,22,20,24
04-09-2021,54,32,35,40,52,1
01-09-2021,10,20,29,48,51,17
30-08-2021,61,3,51,45,15,8
28-08-2021,12,59,46,26,22,26
25-08-2021,39,59,27,54,56,24
23-08-2021,47,17,61,36,60,15
21-08-2021,59,39,36,16,28,4
18-08-2021,36,61,55,51,35,26
14-08-2021,6,65,49,67,21,18
11-08-2021,18,12,29,20,30,16
07-08-2021,24,54,7,60,36,23
04-08-2021,36,5,21,58,32,14
31-07-2021,21,22,34,1,47,4
28-07-2021,53,25,60,59,30,5
24-07-2021,4,11,67,1,59,10
21-07-2021,27,44,67,28,68,11
17-07-2021,54,38,22,15,66,3
14-07-2021,52,62,33,59,46,10
10-07-2021,29,1,62,5,54,3
07-07-2021,8,49,57,30,21,8
03-07-2021,26,55,40,41,65,24
30-06-2021,50,66,24,65,29,14
26-06-2021,31,60,43,8,39,17
23-06-2021,20,40,63,13,51,1
19-06-2021,38,22,4,39,35,20
16-06-2021,19,34,50,44,29,25
12-06-2021,8,41,38,25,34,10
09-06-2021,54,46,28,50,19,9
05-06-2021,64,52,44,69,54,26
02-06-2021,67,7,6,11,66,19
29-05-2021,13,11,46,22,27,20
26-05-2021,21,62,34,8,2,16
22-05-2021,40,3,27,37,19,8
19-05-2021,11,69,13,56,55,4
15-05-2021,39,4,10,37,69,24
12-05-2021,20,19,1,38,54,17
08-05-2021,20,17,12,21,26,8
05-05-2021,63,28,16,40,23,1
01-05-2021,47,36,63,35,61,3
28-04-2021,16,35,53,18,39,21
24-04-2021,36,61,59,22,48,22
21-04-2021,25,32,21,67,63,6
17-04-2021,41,21,26,10,49,25
14-04-2021,13,45,33,30,61,14
10-04-2021,16,53,23,50,14,3
07-04-2021,27,66,35,39,51,16
03-04-2021,39,17,12,53,1,5
31-03-2021,3,55,10,44,68,24
27-03-2021,39,65,6,14,38,6
24-03-2021,38,27,4,17,9,18
20-03-2021,6,61,42,1,22,4
17-03-2021,62,61,38,34,42,19
13-03-2021,56,61,11,51,5,2
10-03-2021,44,17,53,18,37,18
06-03-2021,50,11,58,52,31,18
03-03-2021,55,44,21,50,40,16
27-02-2021,44,31,2,52,28,18
24-02-2021,65,33,4,53,43,21
20-02-2021,22,8,32,4,58,4
17-02-2021,15,46,21,1,32,1
13-02-2021,68,33,20,63,28,20
10-02-2021,67,63,58,15,39,7
06-02-2021,48,1,65,16,49,8
03-02-2021,64,66,40,5,37,5
30-01-2021,61,2,7,52,1,4
27-01-2021,35,52,17,42,33,9
23-01-2021,8,5,17,28,27,14
20-01-2021,53,60,40,68,69,22
16-01-2021,67,20,65,14,39,2
13-01-2021,49,4,23,25,19,14
09-01-2021,45,46,26,14,38,13
06-01-2021,1,66,20,22,60,3
02-01-2021,3,67,41,4,11,5
30-12-2020,45,65,43,61,3,14
26-12-2020,35,53,27,24,10,18
23-12-2020,6,38,53,39,13,6
19-12-2020,27,52,43,32,34,13
16-12-2020,37,4,67,23,61,7
12-12-2020,56,17,54,63,69,20
09-12-2020,47,31,14,48,11,4
05-12-2020,4,53,6,48,3,10
02-12-2020,40,28,31,41,46,4
28-11-2020,12,51,44,8,18,18
25-11-2020,57,2,65,58,60,26
21-11-2020,69,54,57,51,60,11
18-11-2020,17,4,43,5,52,5
14-11-2020,45,32,7,18,15,20
11-11-2020,63,13,45,17,15,13
07-11-2020,16,14,58,37,48,18
04-11-2020,49,33,45,23,32,14
31-10-2020,40,2,42,55,6,24
28-10-2020,37,40,11,28,53,13
24-10-2020,27,65,45,20,18,6
21-10-2020,44,13,1,3,56,26
17-10-2020,6,31,37,10,44,23
14-10-2020,37,52,58,53,21,5
10-10-2020,23,50,18,40,5,18
07-10-2020,6,56,53,30,24,19
03-10-2020,18,47,31,43,36,20
30-09-2020,67,49,18,14,36,18
26-09-2020,62,36,11,21,27,24
23-09-2020,8,17,52,59,49,1
19-09-2020,14,47,57,23,11,14
16-09-2020,31,10,17,51,53,1
12-09-2020,16,67,17,53,20,4
09-09-2020,55,27,64,52,60,21
05-09-2020,27,15,22,47,21,7
02-09-2020,11,20,4,69,1,18
29-08-2020,22,5,21,29,43,10
26-08-2020,8,19,47,58,12,2
22-08-2020,36,19,42,30,66,14
19-08-2020,13,47,55,23,58,23
15-08-2020,5,34,56,45,12,3
12-08-2020,18,6,36,2,37,21
08-08-2020,14,2,3,40,51,24
05-08-2020,65,7,14,57,17,24
01-08-2020,43,48,36,25,6,24
29-07-2020,7,40,29,35,45,26
25-07-2020,36,5,62,21,61,18
22-07-2020,16,36,25,44,55,14
18-07-2020,32,59,13,58,16,9
15-07-2020,61,69,47,27,62,4
11-07-2020,61,14,19,62,64,4
08-07-2020,36,10,3,34,62,5
04-07-2020,60,16,21,27,61,6
01-07-2020,53,28,15,52,63,18
27-06-2020,36,56,49,62,9,8
24-06-2020,15,22,46,27,33,23
20-06-2020,67,10,31,63,41,5
17-06-2020,10,7,68,64,63,10
13-06-2020,65,12,2,32,50,5
10-06-2020,33,10,41,54,52,18
06-06-2020,68,38,69,1,17,18
03-06-2020,64,26,1,3,41,17
30-05-2020,32,13,58,41,60,14
27-05-2020,58,38,59,64,68,21
23-05-2020,2,23,8,18,21,16
20-05-2020,42,40,50,18,34,9
16-05-2020,8,12,26,42,39,11
13-05-2020,57,54,53,56,39,20
09-05-2020,42,12,65,48,18,19
06-05-2020,65,8,7,50,35,20
02-05-2020,58,33,13,68,16,24
29-04-2020,49,61,67,2,20,20
25-04-2020,1,21,3,57,47,18
22-04-2020,1,40,69,33,35,24
18-04-2020,46,63,56,4,44,19
15-04-2020,10,33,41,12,36,2
11-04-2020,29,47,30,22,42,17
08-04-2020,48,54,39,2,37,5
04-04-2020,40,43,31,8,39,4
01-04-2020,60,45,48,33,35,16
28-03-2020,40,7,55,66,48,11
25-03-2020,42,9,5,27,39,16
21-03-2020,69,23,2,59,40,13
18-03-2020,27,15,59,44,63,8
14-03-2020,26,32,9,23,30,8
11-03-2020,29,50,67,4,49,2
07-03-2020,15,62,7,21,33,23
04-03-2020,68,60,18,43,58,14
29-02-2020,24,50,46,44,51,13
26-02-2020,27,29,36,47,8,24
22-02-2020,61,62,37,39,25,11
19-02-2020,15,10,12,56,19,19
15-02-2020,32,16,36,46,35,3
12-02-2020,55,68,47,54,14,25
08-02-2020,59,66,35,50,49,6
05-02-2020,57,41,35,30,23,2
01-02-2020,33,60,54,57,12,13
29-01-2020,12,60,9,15,31,2
25-01-2020,36,17,2,67,9,18
22-01-2020,33,59,44,67,11,8
18-01-2020,24,68,20,38,56,18
15-01-2020,39,55,53,41,68,19
11-01-2020,23,59,31,3,21,3
08-01-2020,7,43,56,4,2,22
04-01-2020,54,1,25,21,11,7
01-01-2020,49,53,57,59,62,26
28-12-2019,59,23,39,20,60,18
25-12-2019,4,16,2,30,46,20
21-12-2019,50,35,67,19,31,14
18-12-2019,39,26,68,18,14,9
14-12-2019,6,32,3,12,64,19
11-12-2019,24,42,29,44,63,10
07-12-2019,66,53,18,42,62,25
04-12-2019,8,44,61,51,27,14
30-11-2019,42,35,15,63,68,18
27-11-2019,26,55,37,53,15,21
23-11-2019,38,28,66,35,61,23
20-11-2019,40,15,39,57,7,12
16-11-2019,26,55,63,14,22,26
13-11-2019,23,28,66,27,26,11
09-11-2019,14,38,60,35,17,25
06-11-2019,64,46,28,62,15,17
02-11-2019,23,37,32,58,3,22
30-10-2019,56,67,52,19,22,21
26-10-2019,3,54,20,59,48,4
23-10-2019,61,50,12,5,69,23
19-10-2019,65,27,59,14,29,12
16-10-2019,67,1,25,5,63,3
12-10-2019,12,34,53,65,29,23
09-10-2019,5,43,65,18,33,2
05-10-2019,6,51,36,54,14,4
02-10-2019,43,53,8,10,4,7
28-09-2019,51,55,34,15,23,4
25-09-2019,44,43,37,45,53,25
21-09-2019,1,68,36,22,9,22
18-09-2019,14,19,47,51,39,15
14-09-2019,31,11,27,36,67,11
11-09-2019,53,24,57,6,17,3
07-09-2019,41,56,20,11,42,6
04-09-2019,52,30,8,4,59,2
31-08-2019,41,50,14,56,57,18
28-08-2019,32,9,41,56,37,14
24-08-2019,47,20,12,21,5,1
21-08-2019,22,32,21,12,29,21
17-08-2019,24,30,18,21,60,20
14-08-2019,51,69,30,10,13,10
10-08-2019,41,59,58,44,35,3
07-08-2019,47,8,59,32,53,3
03-08-2019,45,68,3,6,66,13
31-07-2019,14,37,67,47,55,6
27-07-2019,61,19,1,48,31,6
24-07-2019,29,53,56,35,22,13
20-07-2019,5,64,36,26,69,19
17-07-2019,19,47,68,60,43,10
13-07-2019,32,35,13,23,68,21
10-07-2019,7,68,9,26,44,3
06-07-2019,4,8,46,23,65,1
03-07-2019,50,45,43,40,61,25
29-06-2019,59,13,24,62,17,8
26-06-2019,54,22,16,1,5,24
22-06-2019,66,14,3,6,11,21
19-06-2019,26,38,21,4,18,1
15-06-2019,8,11,49,16,14,14
12-06-2019,42,57,35,38,5,13
08-06-2019,13,9,48,42,60,18
05-06-2019,38,17,28,34,23,8
01-06-2019,34,45,6,52,15,8
29-05-2019,61,3,42,32,34,7
25-05-2019,43,39,2,66,1,2
22-05-2019,7,44,57,10,20,3
18-05-2019,2,10,66,67,25,26
15-05-2019,33,68,61,17,7,4
11-05-2019,40,9,8,6,37,26
08-05-2019,66,64,45,53,1,3
04-05-2019,30,6,23,16,61,2
01-05-2019,66,28,23,56,5,17
27-04-2019,45,29,62,41,2,6
24-04-2019,35,65,32,36,6,4
20-04-2019,3,63,27,65,30,1
17-04-2019,15,46,66,17,1,15
13-04-2019,17,26,32,4,49,10
10-04-2019,39,12,21,23,67,6
06-04-2019,33,43,60,59,15,8
03-04-2019,25,16,32,49,19,18
30-03-2019,54,52,21,64,68,4
27-03-2019,44,62,20,37,16,12
23-03-2019,66,52,60,24,25,5
20-03-2019,10,53,50,63,14,21
16-03-2019,67,30,34,39,53,11
13-03-2019,69,36,45,47,18,14
09-03-2019,45,5,59,55,6,14
06-03-2019,21,35,10,6,46,23
02-03-2019,27,68,25,19,1,21
27-02-2019,49,31,59,42,21,23
23-02-2019,32,4,20,6,14,13
20-02-2019,50,52,49,51,27,2
16-02-2019,48,30,41,64,29,1
13-02-2019,2,24,8,69,14,26
09-02-2019,7,39,2,3,1,25
06-02-2019,13,28,5,63,38,21
02-02-2019,10,43,17,18,65,13
30-01-2019,16,2,12,29,54,6
26-01-2019,12,8,21,32,20,10
23-01-2019,50,25,48,23,47,24
19-01-2019,5,65,8,66,41,20
16-01-2019,14,61,29,31,56,1
12-01-2019,57,58,7,36,48,24
09-01-2019,19,59,37,6,49,22
05-01-2019,15,27,69,7,3,19
02-01-2019,56,46,42,12,8,12
29-12-2018,51,53,42,62,12,25
26-12-2018,52,38,25,67,5,24
22-12-2018,40,59,28,21,30,26
19-12-2018,43,31,29,37,15,16
15-12-2018,8,38,55,52,43,17
12-12-2018,9,64,29,21,4,26
08-12-2018,61,14,34,32,46,10
05-12-2018,36,38,9,11,37,11
01-12-2018,10,58,47,11,55,26
28-11-2018,4,68,59,69,19,21
24-11-2018,56,33,58,51,11,18
21-11-2018,14,23,38,7,55,18
17-11-2018,8,6,68,20,52,5
14-11-2018,49,62,42,7,69,23
10-11-2018,53,29,5,57,34,24
07-11-2018,50,28,34,42,26,25
03-11-2018,24,65,21,32,15,11
31-10-2018,40,39,47,7,25,20
27-10-2018,13,12,8,27,19,4
24-10-2018,56,53,45,21,3,22
20-10-2018,62,16,54,57,69,23
17-10-2018,3,64,69,68,57,15
13-10-2018,14,65,11,43,32,15
10-10-2018,27,60,42,23,8,7
06-10-2018,22,53,27,67,1,15
03-10-2018,63,66,53,59,41,3
29-09-2018,9,17,34,59,64,22
26-09-2018,7,1,30,50,2,8
22-09-2018,61,24,69,64,63,18
19-09-2018,50,4,51,48,39,11
15-09-2018,19,18,24,34,2,3
12-09-2018,28,48,63,6,64,24
08-09-2018,20,32,3,33,13,21
05-09-2018,59,60,6,50,15,13
01-09-2018,54,66,55,61,11,9
29-08-2018,53,25,41,67,57,12
25-08-2018,25,20,57,63,54,8
22-08-2018,45,1,47,69,7,13
18-08-2018,34,67,52,61,24,16
15-08-2018,28,15,12,47,48,16
11-08-2018,56,43,5,68,62,24
08-08-2018,21,63,30,43,10,17
04-08-2018,38,58,3,11,44,2
01-08-2018,5,38,22,58,32,26
28-07-2018,27,65,56,46,22,13
25-07-2018,64,44,18,2,41,26
21-07-2018,9,56,58,23,68,1
18-07-2018,28,36,10,1,27,12
14-07-2018,49,22,41,67,42,11
11-07-2018,21,19,47,27,46,7
07-07-2018,45,43,1,10,64,22
04-07-2018,7,41,15,4,44,10
30-06-2018,9,3,20,42,61,24
27-06-2018,63,28,62,7,37,15
23-06-2018,29,56,45,16,43,25
20-06-2018,14,56,27,4,23,13
16-06-2018,65,9,58,57,45,9
13-06-2018,13,38,45,20,55,1
09-06-2018,36,10,25,6,15,14
06-06-2018,53,28,41,23,56,14
02-06-2018,23,37,64,44,25,7
30-05-2018,46,23,26,17,68,20
26-05-2018,45,31,21,1,49,21
23-05-2018,20,54,61,56,64,7
19-05-2018,56,9,17,3,6,25
16-05-2018,17,22,21,19,51,19
12-05-2018,42,56,22,55,45,14
09-05-2018,50,69,16,38,11,19
05-05-2018,29,36,14,61,57,17
02-05-2018,40,5,31,50,14,6
28-04-2018,28,50,22,45,20,8
25-04-2018,18,17,39,64,56,12
21-04-2018,50,69,54,62,40,19
18-04-2018,12,17,10,9,23,9
14-04-2018,61,17,19,26,62,15
11-04-2018,67,18,16,55,27,18
07-04-2018,38,2,20,17,39,20
04-04-2018,42,64,54,8,24,24
31-03-2018,24,55,52,61,8,21
28-03-2018,53,8,52,6,26,21
24-03-2018,33,56,53,10,45,24
21-03-2018,29,4,61,3,18,25
17-03-2018,60,66,22,59,57,7
14-03-2018,12,24,6,41,68,9
10-03-2018,69,43,54,44,61,22
07-03-2018,36,6,19,13,51,18
03-03-2018,40,17,36,25,13,5
28-02-2018,69,12,65,59,30,16
24-02-2018,38,25,62,63,24,6
21-02-2018,7,36,31,15,34,8
17-02-2018,26,62,39,13,44,2
14-02-2018,44,46,37,39,69,26
10-02-2018,27,13,41,59,1,20
07-02-2018,40,35,34,47,23,10
03-02-2018,15,48,23,27,53,6
31-01-2018,7,4,14,59,46,22
27-01-2018,54,26,17,21,47,7
24-01-2018,11,9,5,33,64,21
20-01-2018,28,26,58,47,49,3
17-01-2018,33,51,3,37,57,21
13-01-2018,69,25,35,14,58,24
10-01-2018,7,24,50,49,33,4
06-01-2018,12,61,30,29,33,26
03-01-2018,42,39,18,2,37,12
30-12-2017,58,28,51,41,36,24
27-12-2017,16,60,3,56,9,3
23-12-2017,44,15,1,13,3,25
20-12-2017,20,61,64,1,69,20
16-12-2017,35,63,37,9,50,11
13-12-2017,2,28,51,58,24,7
09-12-2017,36,60,55,37,25,6
06-12-2017,50,19,55,62,20,9
02-12-2017,32,30,36,28,58,6
29-11-2017,59,28,26,24,63,16
25-11-2017,53,8,54,27,13,4
22-11-2017,61,51,37,46,35,13
18-11-2017,17,31,28,32,39,26
15-11-2017,48,32,44,50,23,25
11-11-2017,56,6,4,30,16,18
08-11-2017,12,21,14,34,20,22
04-11-2017,51,48,12,26,14,13
01-11-2017,26,3,19,6,44,1
28-10-2017,35,27,57,66,38,10
25-10-2017,57,54,29,22,18,8
21-10-2017,14,45,69,41,42,4
18-10-2017,69,54,49,30,66,8
14-10-2017,56,37,69,32,66,11
11-10-2017,1,69,19,3,13,23
07-10-2017,61,10,49,65,63,7
04-10-2017,23,63,62,66,22,24
30-09-2017,8,25,12,41,64,15
27-09-2017,21,25,10,23,8,22
23-09-2017,45,24,56,55,57,19
20-09-2017,68,48,67,39,53,26
16-09-2017,31,24,25,17,18,24
13-09-2017,24,63,35,57,17,19
09-09-2017,59,20,6,57,29,22
06-09-2017,32,14,8,58,67,17
02-09-2017,62,41,21,52,6,26
30-08-2017,43,19,69,28,67,7
26-08-2017,66,15,7,38,32,15
23-08-2017,7,26,16,23,6,4
19-08-2017,17,68,19,43,39,13
16-08-2017,64,43,60,9,15,4
12-08-2017,35,20,49,26,24,19
09-08-2017,12,30,47,62,36,9
05-08-2017,33,21,45,11,28,11
02-08-2017,16,1,54,63,69,18
29-07-2017,1,40,28,48,45,12
26-07-2017,19,42,21,7,69,12
22-07-2017,44,32,60,5,53,9
19-07-2017,63,51,59,61,50,4
15-07-2017,40,66,9,64,63,17
12-07-2017,18,23,2,61,1,9
08-07-2017,29,8,40,59,10,26
05-07-2017,54,9,68,4,16,21
01-07-2017,45,19,42,53,48,16
28-06-2017,46,37,29,53,68,8
24-06-2017,36,32,22,58,10,10
21-06-2017,65,14,46,68,61,13
17-06-2017,13,62,10,53,32,21
14-06-2017,63,22,5,43,57,24
10-06-2017,32,26,20,38,58,3
07-06-2017,66,57,5,69,21,13
03-06-2017,54,41,9,3,21,25
31-05-2017,60,39,33,4,46,6
27-05-2017,55,10,5,67,28,9
24-05-2017,38,28,33,32,62,15
20-05-2017,45,5,47,54,22,3
17-05-2017,39,4,48,45,11,9
13-05-2017,68,17,20,63,32,19
10-05-2017,62,31,56,46,29,8
06-05-2017,31,21,11,41,59,21
03-05-2017,18,49,66,17,59,9
29-04-2017,24,22,23,62,45,5
26-04-2017,18,1,51,15,26,26
22-04-2017,39,21,48,41,63,6
19-04-2017,1,19,52,40,37,15
15-04-2017,61,26,45,5,22,13
12-04-2017,68,63,14,8,61,24
08-04-2017,51,53,36,23,60,15
05-04-2017,53,20,54,46,8,13
01-04-2017,65,9,44,36,32,1
29-03-2017,8,62,31,36,15,11
25-03-2017,32,18,31,48,45,16
22-03-2017,2,29,9,27,42,9
18-03-2017,25,67,54,44,13,5
15-03-2017,30,16,41,48,53,16
11-03-2017,57,41,50,26,1,11
08-03-2017,42,23,59,46,33,4
04-03-2017,2,22,63,19,18,19
01-03-2017,16,10,52,40,55,17
25-02-2017,6,62,32,47,65,19
22-02-2017,52,10,61,28,13,2
18-02-2017,9,3,33,7,31,20
15-02-2017,33,5,42,38,28,19
11-02-2017,37,64,17,9,5,2
08-02-2017,49,20,42,14,66,5
04-02-2017,52,17,16,13,6,25
01-02-2017,9,60,64,43,57,10
28-01-2017,39,12,49,69,20,17
25-01-2017,18,62,66,68,28,22
21-01-2017,45,25,23,67,52,2
18-01-2017,41,9,58,40,53,12
14-01-2017,55,69,23,64,59,13
11-01-2017,1,16,13,43,3,24
07-01-2017,37,63,12,24,3,10
04-01-2017,17,16,42,41,29,4
31-12-2016,1,28,3,67,57,9
28-12-2016,30,23,44,58,16,4
24-12-2016,38,52,42,51,28,21
21-12-2016,25,68,40,54,33,3
17-12-2016,16,40,8,48,1,10
14-12-2016,39,18,66,37,26,15
10-12-2016,32,21,12,44,66,15
07-12-2016,49,64,48,41,53,20
03-12-2016,27,26,33,8,10,22
30-11-2016,3,45,25,14,18,7
26-11-2016,21,17,37,44,19,16
23-11-2016,7,61,41,47,32,3
19-11-2016,24,61,43,16,28,21
16-11-2016,28,61,63,41,65,7
12-11-2016,20,8,27,52,17,24
09-11-2016,28,31,54,25,1,2
05-11-2016,31,50,69,21,51,8
02-11-2016,18,54,61,13,37,5
29-10-2016,42,48,20,21,19,23
26-10-2016,48,56,2,16,3,24
22-10-2016,1,55,33,28,56,22
19-10-2016,43,63,16,38,10,23
15-10-2016,64,49,57,23,67,20
12-10-2016,34,44,30,16,37,16
08-10-2016,3,64,68,61,54,9
05-10-2016,60,29,18,27,8,15
01-10-2016,12,64,50,61,2,1
28-09-2016,30,53,62,38,52,1
24-09-2016,15,7,29,41,20,22
21-09-2016,63,67,1,69,28,17
17-09-2016,51,19,9,62,55,14
14-09-2016,10,31,23,28,11,14
10-09-2016,3,17,49,55,68,8
07-09-2016,23,55,33,22,29,21
03-09-2016,39,59,7,67,50,25
31-08-2016,10,56,24,61,5,12
27-08-2016,48,32,63,4,49,20
24-08-2016,25,11,9,65,64,16
20-08-2016,68,3,21,6,60,24
17-08-2016,44,49,33,50,52,8
13-08-2016,44,38,64,69,60,6
10-08-2016,64,56,61,23,67,12
06-08-2016,52,33,47,36,20,12
03-08-2016,66,27,11,9,67,2
30-07-2016,32,21,17,23,11,5
27-07-2016,10,47,68,65,50,24
23-07-2016,39,5,35,7,23,11
20-07-2016,6,58,66,25,35,5
16-07-2016,11,50,40,17,62,26
13-07-2016,57,15,29,3,54,10
09-07-2016,32,28,10,64,61,12
06-07-2016,66,57,2,31,24,18
02-07-2016,63,39,59,34,10,4
29-06-2016,29,37,23,64,60,6
25-06-2016,36,3,56,69,27,25
22-06-2016,14,42,43,52,40,17
18-06-2016,53,2,23,63,41,11
15-06-2016,33,4,24,31,22,10
11-06-2016,36,58,27,41,20,7
08-06-2016,37,69,12,25,60,20
04-06-2016,20,16,43,64,22,17
01-06-2016,40,69,33,23,30,12
28-05-2016,6,34,33,59,58,12
25-05-2016,64,24,59,41,11,15
21-05-2016,9,32,5,7,23,26
18-05-2016,25,67,39,23,54,11
14-05-2016,64,27,65,13,47,9
11-05-2016,69,32,52,66,20,23
07-05-2016,25,66,44,5,26,9
04-05-2016,47,69,30,66,57,3
30-04-2016,32,16,3,34,12,14
27-04-2016,25,39,64,2,33,17
23-04-2016,46,62,59,35,19,13
20-04-2016,62,30,12,25,52,8
16-04-2016,32,3,25,51,18,3
13-04-2016,30,35,38,33,64,22
09-04-2016,14,23,41,61,22,9
06-04-2016,65,28,49,60,4,25
02-04-2016,9,61,28,40,30,3
30-03-2016,55,24,63,53,44,19
26-03-2016,23,42,68,52,11,6
23-03-2016,22,15,49,5,8,25
19-03-2016,11,60,23,54,43,3
16-03-2016,46,50,12,13,10,21
12-03-2016,28,11,50,57,62,23
09-03-2016,32,34,14,23,68,3
05-03-2016,3,34,27,59,69,19
02-03-2016,62,52,13,12,44,6
27-02-2016,22,11,53,21,10,18
24-02-2016,67,21,65,31,64,5
20-02-2016,54,12,11,16,15,25
17-02-2016,29,27,7,40,17,25
13-02-2016,7,15,36,18,19,20
10-02-2016,2,62,40,50,3,5
06-02-2016,13,4,36,31,52,8
03-02-2016,26,60,67,31,28,23
30-01-2016,16,5,12,31,43,18
27-01-2016,40,52,3,67,12,21
23-01-2016,32,22,40,69,34,19
20-01-2016,44,5,39,69,47,24
16-01-2016,61,52,51,64,3,6
13-01-2016,8,27,34,4,19,10
09-01-2016,32,16,19,57,34,13
06-01-2016,47,2,63,62,11,17
02-01-2016,42,15,6,5,29,10
30-12-2015,12,61,54,38,36,22
26-12-2015,65,40,44,59,27,20
23-12-2015,67,16,63,38,55,25
19-12-2015,30,68,59,41,28,10
16-12-2015,9,42,10,55,32,6
12-12-2015,62,2,30,19,14,22
09-12-2015,16,46,10,56,7,1
05-12-2015,47,33,68,27,13,13
02-12-2015,14,18,19,64,32,9
28-11-2015,47,2,66,67,6,2
25-11-2015,53,16,69,58,29,21
21-11-2015,37,57,47,50,52,21
18-11-2015,40,17,46,69,41,6
14-11-2015,66,37,22,14,45,5
11-11-2015,26,4,32,55,64,18
07-11-2015,50,53,7,16,25,15
04-11-2015,12,2,17,20,65,17
31-10-2015,9,47,20,25,68,7
28-10-2015,56,62,54,63,4,10
24-10-2015,20,31,56,60,64,2
21-10-2015,57,32,30,42,56,11
17-10-2015,57,62,69,49,48,19
14-10-2015,20,15,31,40,29,1
10-10-2015,27,68,12,43,29,1
07-10-2015,52,40,48,18,30,9
03-10-2015,33,6,46,44,26,4
30-09-2015,40,59,21,39,55,17
26-09-2015,23,57,42,31,50,5
23-09-2015,8,29,51,58,41,5
19-09-2015,12,43,17,26,48,24
16-09-2015,7,5,39,24,31,7
12-09-2015,35,3,16,2,13,27
09-09-2015,50,44,45,51,47,8
05-09-2015,29,10,18,16,45,19
02-09-2015,17,46,22,30,56,16
29-08-2015,25,18,29,21,28,16
26-08-2015,22,56,2,45,32,12
22-08-2015,12,14,21,4,55,7
19-08-2015,6,43,48,50,8,7
15-08-2015,3,17,13,52,42,24
12-08-2015,29,38,8,13,52,28
08-08-2015,34,48,54,52,9,15
05-08-2015,42,14,9,16,11,19
01-08-2015,13,7,49,24,57,15
29-07-2015,4,52,22,27,28,35
25-07-2015,27,44,41,29,34,2
22-07-2015,31,12,57,44,43,11
18-07-2015,39,6,37,45,55,33
15-07-2015,45,34,13,50,16,11
11-07-2015,46,39,52,11,54,3
08-07-2015,30,27,25,15,4,18
04-07-2015,24,18,6,3,14,21
01-07-2015,24,41,31,26,7,25
27-06-2015,35,18,46,49,28,27
24-06-2015,5,10,3,22,32,7
20-06-2015,20,16,10,57,9,15
17-06-2015,22,20,21,54,41,7
13-06-2015,41,29,52,54,48,29
10-06-2015,49,32,31,53,48,25
06-06-2015,18,43,13,8,27,15
03-06-2015,6,40,37,13,8,11
30-05-2015,57,25,8,56,9,22
27-05-2015,8,15,59,34,53,23
23-05-2015,31,9,43,17,15,16
20-05-2015,12,1,44,28,35,25
16-05-2015,48,24,38,52,29,32
13-05-2015,31,29,1,47,25,7
09-05-2015,58,4,17,35,15,17
06-05-2015,24,41,39,23,27,30
02-05-2015,2,31,6,11,30,33
29-04-2015,26,1,38,34,51,6
25-04-2015,45,21,35,33,38,12
22-04-2015,10,14,25,39,53,18
18-04-2015,31,22,13,23,29,17
15-04-2015,1,21,29,16,40,30
11-04-2015,58,1,32,42,12,12
08-04-2015,1,19,45,58,46,29
04-04-2015,41,33,39,54,40,28
01-04-2015,44,39,30,33,2,1
28-03-2015,38,2,12,4,6,17
25-03-2015,54,23,19,7,50,14
21-03-2015,30,38,16,11,42,7
18-03-2015,30,47,33,25,14,8
14-03-2015,46,47,8,14,39,18
11-03-2015,24,44,31,11,40,27
07-03-2015,50,42,36,38,34,33
04-03-2015,8,35,15,12,50,32
28-02-2015,25,28,11,17,46,12
25-02-2015,39,17,21,32,19,8
21-02-2015,18,51,14,34,10,26
18-02-2015,29,1,49,9,32,22
14-02-2015,44,45,1,24,51,28
11-02-2015,25,11,54,13,39,19
07-02-2015,34,58,5,21,10,33
04-02-2015,51,52,36,24,56,22
31-01-2015,16,5,50,11,26,34
28-01-2015,49,24,12,36,35,1
24-01-2015,19,16,20,33,29,10
21-01-2015,57,12,28,15,11,23
17-01-2015,15,27,23,36,16,9
14-01-2015,10,4,53,2,41,22
10-01-2015,19,9,29,2,28,19
07-01-2015,47,49,59,15,14,10
03-01-2015,4,43,46,55,18,25
31-12-2014,40,27,17,53,37,35
27-12-2014,36,14,10,11,7,15
24-12-2014,46,11,12,47,50,22
20-12-2014,19,15,56,31,14,5
17-12-2014,47,31,48,38,22,15
13-12-2014,5,13,43,55,28,33
10-12-2014,48,34,55,44,54,10
06-12-2014,43,22,49,15,12,14
03-12-2014,54,30,32,46,25,26
29-11-2014,13,30,24,42,48,27
26-11-2014,46,17,22,16,54,35
22-11-2014,54,53,23,57,49,35
19-11-2014,38,6,36,48,51,17
15-11-2014,35,16,33,51,13,28
12-11-2014,55,37,39,52,51,11
08-11-2014,9,33,19,38,54,15
05-11-2014,19,2,11,21,42,34
01-11-2014,1,38,25,13,3,17
29-10-2014,48,28,59,25,57,16
25-10-2014,54,57,51,6,10,12
22-10-2014,40,42,30,29,50,16
18-10-2014,36,20,54,27,26,19
15-10-2014,5,7,28,27,19,20
11-10-2014,37,39,38,19,10,28
08-10-2014,46,50,16,31,5,18
04-10-2014,13,33,18,24,25,31
01-10-2014,20,1,45,18,4,7
27-09-2014,54,11,52,35,2,13
24-09-2014,7,14,24,41,21,26
20-09-2014,23,22,30,39,37,16
17-09-2014,36,18,25,50,48,23
13-09-2014,37,6,1,53,16,27
10-09-2014,14,39,2,40,43,13
06-09-2014,29,43,31,50,9,18
03-09-2014,43,2,51,45,16,35
30-08-2014,5,52,28,59,31,27
27-08-2014,24,17,45,46,26,19
23-08-2014,52,28,36,32,35,31
20-08-2014,21,40,8,38,4,3
16-08-2014,7,8,17,59,48,9
13-08-2014,37,8,40,52,39,24
09-08-2014,34,12,31,51,3,24
06-08-2014,49,1,8,24,28,24
02-08-2014,12,46,44,47,26,29
30-07-2014,49,13,30,53,42,29
26-07-2014,38,39,28,24,30,16
23-07-2014,22,12,4,31,10,3
19-07-2014,10,53,17,25,45,9
16-07-2014,5,32,26,18,15,35
12-07-2014,23,7,2,3,51,26
09-07-2014,9,55,42,25,57,14
05-07-2014,34,58,24,36,57,11
02-07-2014,58,18,53,8,45,35
28-06-2014,56,8,12,43,34,9
25-06-2014,50,53,10,20,25,35
21-06-2014,41,6,54,5,37,26
18-06-2014,6,52,59,29,9,7
14-06-2014,33,54,42,9,45,30
11-06-2014,14,25,33,18,49,23
07-06-2014,58,30,35,28,59,15
04-06-2014,22,7,1,10,49,24
31-05-2014,34,15,48,27,31,1
28-05-2014,24,2,28,32,59,25
24-05-2014,55,15,49,16,28,18
21-05-2014,20,34,58,4,39,31
17-05-2014,32,23,47,39,49,22
14-05-2014,55,7,52,33,39,33
10-05-2014,41,47,55,31,4,1
07-05-2014,48,31,17,49,29,34
03-05-2014,15,5,46,49,16,26
30-04-2014,9,2,19,50,11,32
26-04-2014,30,3,22,7,33,20
23-04-2014,29,48,36,19,25,12
19-04-2014,35,6,51,5,29,21
16-04-2014,42,34,59,39,44,8
12-04-2014,26,45,14,55,54,20
09-04-2014,49,14,48,9,44,29
05-04-2014,26,11,21,34,33,29
02-04-2014,19,22,13,53,8,24
29-03-2014,3,12,27,38,2,17
26-03-2014,33,41,59,44,28,21
22-03-2014,55,13,28,58,31,15
19-03-2014,34,23,43,19,2,14
15-03-2014,34,5,51,2,58,9
12-03-2014,28,54,14,15,37,10
08-03-2014,14,24,32,41,10,30
05-03-2014,26,3,9,7,54,19
01-03-2014,3,8,25,47,30,13
26-02-2014,42,11,12,38,17,2
22-02-2014,13,2,54,14,3,4
19-02-2014,17,49,54,35,1,34
15-02-2014,9,23,2,14,21,3
12-02-2014,52,49,36,57,44,1
08-02-2014,54,37,34,25,24,29
05-02-2014,8,57,17,59,32,24
01-02-2014,12,15,38,5,27,7
29-01-2014,47,23,11,28,32,20
25-01-2014,57,8,55,12,18,2
22-01-2014,55,2,7,1,9,29
18-01-2014,38,14,13,19,31,25
15-01-2014,29,8,9,7,24,25
11-01-2014,54,15,48,33,10,34
08-01-2014,39,28,58,47,10,22
04-01-2014,19,58,37,20,41,14
01-01-2014,52,48,15,24,40,23
28-12-2013,56,51,35,44,8,18
25-12-2013,38,56,28,39,23,32
21-12-2013,36,51,45,25,40,8
18-12-2013,39,7,40,24,37,1
14-12-2013,33,41,25,14,32,34
11-12-2013,10,18,19,1,13,27
07-12-2013,45,13,48,32,20,17
04-12-2013,9,6,11,44,31,25
30-11-2013,26,5,45,44,57,29
27-11-2013,57,25,18,55,50,17
23-11-2013,12,52,55,43,5,10
20-11-2013,32,4,45,23,18,7
16-11-2013,29,37,59,10,44,10
13-11-2013,31,5,55,50,56,9
09-11-2013,37,56,3,49,9,32
06-11-2013,49,1,5,10,15,22
02-11-2013,27,40,13,23,24,17
30-10-2013,54,2,49,36,40,10
26-10-2013,56,6,4,34,49,29
23-10-2013,47,34,23,31,3,13
19-10-2013,33,9,56,54,57,5
16-10-2013,3,42,26,34,28,28
12-10-2013,10,58,26,57,8,4
09-10-2013,9,38,3,33,19,18
05-10-2013,11,39,40,17,12,5
02-10-2013,6,51,42,4,25,17
28-09-2013,47,53,14,52,54,5
25-09-2013,49,7,17,53,2,23
21-09-2013,58,54,45,17,12,13
18-09-2013,7,10,35,32,22,19
14-09-2013,1,25,44,17,37,20
11-09-2013,19,33,42,52,11,33
07-09-2013,2,22,19,45,26,24
04-09-2013,2,45,26,9,47,11
31-08-2013,40,25,7,56,2,20
28-08-2013,32,19,7,9,6,13
24-08-2013,45,17,59,12,25,19
21-08-2013,30,48,42,46,40,23
17-08-2013,18,54,56,21,46,23
14-08-2013,17,43,11,4,51,20
10-08-2013,37,58,14,4,12,13
07-08-2013,58,5,25,59,30,32
03-08-2013,24,36,21,45,42,15
31-07-2013,8,24,59,39,49,5
27-07-2013,58,53,40,23,9,6
24-07-2013,44,29,54,40,9,7
20-07-2013,14,27,58,25,38,6
17-07-2013,22,1,42,38,34,17
13-07-2013,8,37,2,35,22,6
10-07-2013,55,45,31,30,59,27
06-07-2013,52,2,36,35,13,11
03-07-2013,40,6,51,29,3,4
29-06-2013,28,8,56,53,30,16
26-06-2013,1,46,39,33,18,33
22-06-2013,33,57,19,23,13,28
19-06-2013,57,47,46,52,7,17
15-06-2013,48,55,28,40,36,1
12-06-2013,22,16,42,23,55,32
08-06-2013,2,26,11,32,22,19
05-06-2013,4,36,26,33,55,32
01-06-2013,33,53,59,22,28,14
29-05-2013,49,14,9,17,57,2
25-05-2013,27,21,19,6,2,25
22-05-2013,31,35,41,9,57,26
18-05-2013,22,10,13,14,52,11
15-05-2013,2,34,11,41,26,32
11-05-2013,6,23,19,43,13,16
08-05-2013,21,57,26,22,30,27
04-05-2013,26,36,40,7,12,17
01-05-2013,31,22,55,26,54,18
27-04-2013,55,54,48,23,3,5
24-04-2013,9,59,31,56,19,2
20-04-2013,6,39,8,30,48,20
17-04-2013,58,18,48,13,36,28
13-04-2013,10,57,31,12,56,33
10-04-2013,40,1,52,36,53,20
06-04-2013,39,29,4,8,7,24
03-04-2013,35,8,12,1,6,3
30-03-2013,23,46,11,26,55,27
27-03-2013,43,48,7,37,52,16
23-03-2013,29,53,52,17,31,31
20-03-2013,43,17,14,13,54,15
16-03-2013,44,53,7,21,3,16
13-03-2013,38,9,32,28,5,29
09-03-2013,46,52,37,10,40,12
06-03-2013,45,10,6,23,41,1
02-03-2013,56,13,8,41,3,16
27-02-2013,48,20,14,34,3,21
23-02-2013,41,31,39,2,5,29
20-02-2013,25,3,32,17,19,17
16-02-2013,58,16,15,46,50,29
13-02-2013,12,43,27,25,23,29
09-02-2013,58,36,16,6,5,3
06-02-2013,36,38,5,27,41,12
02-02-2013,41,33,16,40,11,34
30-01-2013,47,16,14,32,52,16
26-01-2013,22,49,41,26,3,18
23-01-2013,24,43,11,12,45,9
19-01-2013,29,8,28,34,38,35
16-01-2013,51,21,32,28,9,35
12-01-2013,47,21,23,14,10,7
09-01-2013,11,20,13,27,59,26
05-01-2013,30,49,54,26,51,25
02-01-2013,20,18,53,28,35,20
29-12-2012,55,52,46,50,36,14
26-12-2012,54,43,13,11,23,4
22-12-2012,18,44,35,39,1,11
19-12-2012,23,20,5,30,8,3
15-12-2012,40,23,44,55,15,14
12-12-2012,36,25,44,8,10,28
08-12-2012,23,40,53,26,7,21
05-12-2012,27,19,38,13,17,12
01-12-2012,46,10,3,19,36,3
28-11-2012,5,23,16,22,29,6
24-11-2012,22,32,37,44,50,34
21-11-2012,24,30,8,18,39,26
17-11-2012,15,59,27,58,3,20
14-11-2012,44,10,58,8,30,13
10-11-2012,55,32,50,54,42,32
07-11-2012,32,45,34,52,58,20
03-11-2012,54,4,7,9,30,25
31-10-2012,45,31,1,48,27,5
27-10-2012,34,56,36,32,22,33
24-10-2012,18,50,23,3,21,4
20-10-2012,4,28,31,44,21,10
17-10-2012,42,23,10,7,1,35
13-10-2012,5,2,26,25,49,18
10-10-2012,35,18,43,29,26,28
06-10-2012,36,59,26,15,34,35
03-10-2012,55,23,17,59,36,10
29-09-2012,57,14,29,18,28,8
26-09-2012,41,26,42,13,39,10
22-09-2012,40,42,18,16,2,33
19-09-2012,50,1,8,39,5,23
15-09-2012,43,26,3,20,48,1
12-09-2012,48,56,24,36,33,6
08-09-2012,34,44,20,48,6,29
05-09-2012,42,4,26,51,19,29
01-09-2012,8,44,21,11,49,22
29-08-2012,49,54,28,25,56,28
25-08-2012,7,20,6,1,49,23
22-08-2012,47,31,22,29,55,19
18-08-2012,55,41,26,14,59,1
15-08-2012,56,27,46,6,51,21
11-08-2012,51,13,46,39,4,1
08-08-2012,7,15,3,11,28,12
04-08-2012,55,30,53,48,19,18
01-08-2012,58,3,56,48,16,4
28-07-2012,6,50,5,36,13,13
25-07-2012,14,3,46,38,35,16
21-07-2012,9,54,38,56,31,20
18-07-2012,5,2,57,23,20,3
14-07-2012,4,46,16,37,32,13
11-07-2012,5,36,49,55,22,23
07-07-2012,5,3,29,59,39,29
04-07-2012,35,19,14,39,56,33
30-06-2012,20,7,15,41,44,22
27-06-2012,58,34,6,46,40,6
23-06-2012,44,1,53,3,41,30
20-06-2012,17,11,29,56,57,14
16-06-2012,14,16,27,15,8,26
13-06-2012,14,57,33,10,7,18
09-06-2012,56,45,57,22,18,27
06-06-2012,59,48,19,33,30,27
02-06-2012,17,45,10,29,9,33
30-05-2012,10,56,9,24,52,14
26-05-2012,49,59,13,41,14,14
23-05-2012,59,7,53,26,4,32
19-05-2012,46,13,8,51,35,30
16-05-2012,21,43,28,3,7,2
12-05-2012,35,24,58,53,10,22
09-05-2012,56,7,1,11,55,1
05-05-2012,12,59,44,20,9,23
02-05-2012,7,33,50,38,8,29
28-04-2012,57,40,58,31,39,33
25-04-2012,29,43,25,4,34,29
21-04-2012,8,42,51,20,6,16
18-04-2012,22,39,49,46,20,29
14-04-2012,15,16,19,14,24,2
11-04-2012,44,42,16,47,23,2
07-04-2012,13,30,5,20,17,18
04-04-2012,33,24,49,45,1,6
31-03-2012,14,5,58,54,36,27
28-03-2012,50,58,16,29,11,33
24-03-2012,15,37,35,1,47,8
21-03-2012,32,43,53,55,56,6
17-03-2012,11,55,58,14,49,30
14-03-2012,1,8,59,46,41,24
10-03-2012,5,41,20,14,17,5
07-03-2012,45,35,47,46,12,12
03-03-2012,47,30,29,49,45,35
29-02-2012,26,1,11,4,23,14
25-02-2012,54,11,6,42,53,7
22-02-2012,17,39,16,7,51,32
18-02-2012,23,50,28,59,56,5
15-02-2012,12,11,32,56,52,11
11-02-2012,37,52,10,1,57,11
08-02-2012,38,51,17,28,39,33
04-02-2012,23,56,43,45,15,7
01-02-2012,8,13,59,17,34,35
28-01-2012,41,54,59,33,5,13
25-01-2012,28,19,29,47,4,5
21-01-2012,44,12,43,24,45,7
18-01-2012,50,34,29,6,44,28
14-01-2012,41,30,10,36,38,1
11-01-2012,47,5,29,45,19,25
07-01-2012,3,24,38,21,39,24
04-01-2012,50,35,21,47,46,2
31-12-2011,5,25,40,23,28,34
28-12-2011,16,27,45,41,21,14
24-12-2011,52,51,16,14,30,19
21-12-2011,31,15,13,54,10,18
17-12-2011,59,28,51,13,49,33
14-12-2011,46,52,24,56,2,19
10-12-2011,33,41,4,19,59,9
07-12-2011,39,20,14,40,3,37
03-12-2011,18,5,33,43,45,8
30-11-2011,47,6,2,34,35,22
26-11-2011,55,20,37,45,39,28
23-11-2011,30,35,57,4,59,25
19-11-2011,16,9,17,28,30,11
16-11-2011,22,25,39,13,51,28
12-11-2011,56,4,35,51,36,8
09-11-2011,58,59,35,5,57,12
05-11-2011,43,39,2,33,40,26
02-11-2011,12,39,14,46,34,36
29-10-2011,11,40,16,51,56,38
26-10-2011,39,21,1,18,55,6
22-10-2011,8,3,23,30,58,13
19-10-2011,26,35,16,52,58,2
15-10-2011,38,24,5,10,43,1
12-10-2011,43,10,12,23,47,18
08-10-2011,35,3,37,27,45,31
05-10-2011,46,7,43,54,20,17
01-10-2011,27,43,12,23,1,31
28-09-2011,41,51,30,50,53,8
24-09-2011,27,12,3,4,44,26
21-09-2011,47,52,55,48,12,13
17-09-2011,43,22,6,20,32,11
14-09-2011,16,50,42,59,41,5
10-09-2011,32,53,22,4,19,24
07-09-2011,54,3,5,27,18,13
03-09-2011,15,52,25,53,54,2
31-08-2011,19,35,57,47,13,29
27-08-2011,2,54,12,58,25,14
24-08-2011,49,53,13,9,47,39
20-08-2011,23,2,47,28,17,36
17-08-2011,31,28,48,18,52,37
13-08-2011,35,9,50,12,58,4
10-08-2011,46,41,36,18,11,38
06-08-2011,57,59,54,25,30,6
03-08-2011,49,19,13,28,21,11
30-07-2011,55,20,40,47,41,19
27-07-2011,40,51,59,41,38,33
23-07-2011,38,1,48,27,7,30
20-07-2011,40,42,38,1,4,17
16-07-2011,28,48,54,24,50,25
13-07-2011,54,18,8,19,32,8
09-07-2011,31,9,23,1,11,6
06-07-2011,55,50,24,11,15,8
02-07-2011,11,29,1,51,18,32
29-06-2011,30,24,57,59,45,26
25-06-2011,18,39,57,36,41,12
22-06-2011,59,12,46,19,15,12
18-06-2011,22,38,21,12,41,18
15-06-2011,41,43,20,19,38,29
11-06-2011,50,16,18,36,27,8
08-06-2011,53,37,14,44,45,29
04-06-2011,17,58,39,19,41,21
01-06-2011,56,38,46,8,18,31
28-05-2011,43,12,20,51,55,11
25-05-2011,50,4,31,42,23,23
21-05-2011,8,49,2,40,50,36
18-05-2011,7,12,42,49,13,16
14-05-2011,40,18,17,8,44,16
11-05-2011,43,32,9,45,17,31
07-05-2011,11,55,47,2,27,15
04-05-2011,15,41,29,27,3,24
30-04-2011,41,15,6,13,32,3
27-04-2011,40,44,55,24,4,5
23-04-2011,58,11,3,48,47,19
20-04-2011,9,24,43,34,36,27
16-04-2011,21,55,33,45,44,7
13-04-2011,4,49,39,50,23,39
09-04-2011,53,5,56,14,32,11
06-04-2011,56,18,55,10,41,15
02-04-2011,43,22,34,6,45,23
30-03-2011,58,56,20,19,42,37
26-03-2011,10,4,11,33,19,27
23-03-2011,15,28,5,26,32,9
19-03-2011,11,20,46,27,3,8
16-03-2011,53,28,48,39,40,9
12-03-2011,4,41,1,12,47,3
09-03-2011,12,20,28,40,48,8
05-03-2011,42,31,23,48,2,21
02-03-2011,50,58,7,31,51,6
26-02-2011,4,45,21,17,13,10
23-02-2011,32,36,39,29,49,29
19-02-2011,12,34,3,42,37,36
16-02-2011,23,48,21,9,13,24
12-02-2011,32,52,36,48,11,19
09-02-2011,51,39,42,11,7,30
05-02-2011,15,41,59,37,56,5
02-02-2011,33,57,53,3,14,36
29-01-2011,28,45,24,52,49,2
26-01-2011,4,47,58,5,36,6
22-01-2011,34,30,51,31,45,23
19-01-2011,36,51,56,22,59,32
15-01-2011,22,13,9,37,23,31
12-01-2011,48,23,40,21,19,27
08-01-2011,7,52,6,33,26,24
05-01-2011,40,22,32,26,38,7
01-01-2011,37,47,18,22,54,36
29-12-2010,18,37,20,16,3,30
25-12-2010,52,50,1,38,17,24
22-12-2010,33,11,44,47,46,12
18-12-2010,43,19,4,11,33,14
15-12-2010,32,18,45,10,11,18
11-12-2010,1,8,19,10,20,23
08-12-2010,25,8,11,58,41,16
04-12-2010,27,24,42,31,13,22
01-12-2010,10,5,12,11,20,2
27-11-2010,47,37,30,54,10,39
24-11-2010,20,8,21,37,32,4
20-11-2010,12,10,38,53,57,1
17-11-2010,14,59,54,53,16,5
13-11-2010,30,51,17,48,54,29
10-11-2010,5,8,44,40,11,10
06-11-2010,7,12,23,34,38,33
03-11-2010,34,45,38,39,50,33
30-10-2010,49,7,27,1,36,39
27-10-2010,25,24,20,59,53,15
23-10-2010,20,2,46,7,16,34
20-10-2010,20,39,7,17,59,17
16-10-2010,28,16,12,11,15,11
13-10-2010,46,34,32,22,12,2
09-10-2010,42,32,49,6,2,35
06-10-2010,26,41,14,37,46,24
02-10-2010,30,12,36,20,47,25
29-09-2010,52,13,55,44,51,30
25-09-2010,8,35,27,16,42,30
22-09-2010,10,36,52,24,55,15
18-09-2010,18,44,1,39,37,13
15-09-2010,7,20,21,34,43,34
11-09-2010,36,20,59,17,7,33
08-09-2010,10,57,51,35,39,20
04-09-2010,33,22,42,14,11,38
01-09-2010,40,20,21,17,51,19
28-08-2010,32,56,4,27,22,13
25-08-2010,17,36,29,16,31,23
21-08-2010,7,22,10,27,12,26
18-08-2010,47,4,33,32,55,39
14-08-2010,9,33,36,50,58,31
11-08-2010,22,52,10,23,7,29
07-08-2010,52,26,31,22,4,30
04-08-2010,53,30,19,37,28,36
31-07-2010,1,57,16,41,17,15
28-07-2010,1,11,20,27,25,2
24-07-2010,59,30,46,38,20,27
21-07-2010,16,58,22,30,51,25
17-07-2010,27,37,22,45,35,3
14-07-2010,21,23,38,20,42,6
10-07-2010,28,21,20,56,27,4
07-07-2010,10,41,44,56,48,4
03-07-2010,52,53,3,14,10,3
30-06-2010,38,43,6,48,47,27
26-06-2010,57,30,13,38,32,25
23-06-2010,48,11,45,30,47,10
19-06-2010,54,31,9,30,50,39
16-06-2010,29,18,11,36,8,6
12-06-2010,38,13,12,9,35,30
09-06-2010,22,49,27,14,32,5
05-06-2010,18,34,40,59,48,25
02-06-2010,39,14,43,9,4,38
29-05-2010,24,3,28,1,41,10
26-05-2010,6,20,10,1,13,32
22-05-2010,20,19,47,57,40,29
19-05-2010,7,58,55,29,2,27
15-05-2010,28,15,36,23,21,20
12-05-2010,52,58,53,37,51,38
08-05-2010,41,5,57,34,22,31
05-05-2010,47,13,34,40,57,11
01-05-2010,23,25,16,49,58,20
28-04-2010,28,44,12,22,25,24
24-04-2010,57,56,1,53,12,5
21-04-2010,11,34,55,41,49,20
17-04-2010,22,41,49,21,5,15
14-04-2010,14,6,32,52,38,20
10-04-2010,21,22,52,49,58,34
07-04-2010,36,52,44,4,40,33
03-04-2010,10,15,31,52,59,4
31-03-2010,13,45,54,5,17,12
27-03-2010,21,7,32,52,44,10
24-03-2010,14,49,39,24,20,7
20-03-2010,9,36,44,45,39,9
17-03-2010,55,26,48,45,24,8
13-03-2010,16,36,20,6,31,8
10-03-2010,41,37,17,50,21,1
06-03-2010,41,33,10,59,29,15
03-03-2010,14,49,9,7,45,23
27-02-2010,47,18,58,53,51,30
24-02-2010,50,17,57,35,4,12
20-02-2010,13,54,41,37,27,32
17-02-2010,36,7,26,8,19,15
13-02-2010,14,10,40,51,30,1
10-02-2010,29,8,37,38,5,34
06-02-2010,22,54,52,14,59,4
03-02-2010,37,52,22,36,17,24
30-01-2010,26,35,48,47,6,21
27-01-2010,15,26,31,6,20,9
23-01-2010,53,16,15,42,20,17
20-01-2010,46,15,43,44,32,19
16-01-2010,41,8,7,55,23,23
13-01-2010,32,15,8,11,50,27
09-01-2010,41,44,20,54,50,22
06-01-2010,56,27,29,20,58,31
02-01-2010,23,3,7,42,27,37
30-12-2009,5,52,14,38,39,6
26-12-2009,53,41,36,32,37,30
23-12-2009,52,8,49,51,32,23
19-12-2009,24,41,17,47,39,21
16-12-2009,23,43,25,35,13,15
12-12-2009,14,41,12,13,35,29
09-12-2009,58,12,5,1,13,21
05-12-2009,41,58,27,39,44,17
02-12-2009,37,46,14,34,55,37
28-11-2009,46,50,27,28,26,21
25-11-2009,18,13,4,59,49,5
21-11-2009,26,36,7,49,58,4
18-11-2009,58,59,32,50,42,31
14-11-2009,57,30,19,48,32,14
11-11-2009,12,8,22,29,14,22
07-11-2009,32,37,46,50,7,26
04-11-2009,51,10,45,11,14,17
31-10-2009,19,26,54,41,2,23
28-10-2009,51,46,26,3,11,23
24-10-2009,38,22,59,49,14,16
21-10-2009,34,51,45,6,16,4
17-10-2009,16,5,49,30,25,39
14-10-2009,15,30,5,40,25,6
10-10-2009,45,49,50,13,32,30
07-10-2009,2,50,38,21,20,22
03-10-2009,50,57,24,12,48,22
30-09-2009,52,54,41,42,57,30
26-09-2009,34,20,36,39,18,19
23-09-2009,7,8,29,20,25,11
19-09-2009,25,24,49,30,5,23
16-09-2009,17,56,37,40,51,25
12-09-2009,13,28,56,41,38,25
09-09-2009,16,18,51,53,4,23
05-09-2009,35,27,16,9,57,29
02-09-2009,23,47,36,18,59,36
29-08-2009,1,53,20,37,52,33
26-08-2009,43,23,1,21,30,11
22-08-2009,6,51,3,20,32,23
19-08-2009,43,14,31,51,24,27
15-08-2009,14,26,32,15,36,12
12-08-2009,32,10,25,47,34,5
08-08-2009,45,37,50,33,4,11
05-08-2009,34,25,41,49,46,29
01-08-2009,53,37,46,39,5,8
29-07-2009,38,2,43,5,59,8
25-07-2009,33,5,52,46,17,9
22-07-2009,6,22,4,16,32,11
18-07-2009,21,26,47,4,28,37
15-07-2009,26,50,57,52,51,37
11-07-2009,39,1,4,42,20,2
08-07-2009,50,56,42,53,19,39
04-07-2009,22,4,41,44,9,14
01-07-2009,38,53,9,52,32,15
27-06-2009,48,39,26,18,22,17
24-06-2009,53,24,51,16,18,16
20-06-2009,28,22,3,11,18,33
17-06-2009,53,9,37,5,42,27
13-06-2009,20,41,13,35,16,6
10-06-2009,26,42,58,27,15,37
06-06-2009,45,10,23,30,18,2
03-06-2009,22,20,32,16,37,9
30-05-2009,51,42,1,59,23,20
27-05-2009,5,16,6,21,12,7
23-05-2009,52,19,57,34,23,21
20-05-2009,23,30,42,35,31,6
16-05-2009,6,7,40,56,31,38
13-05-2009,30,40,37,32,19,37
09-05-2009,49,32,4,15,58,21
06-05-2009,12,7,22,31,8,18
02-05-2009,45,20,38,42,3,27
29-04-2009,6,36,50,19,59,13
25-04-2009,52,42,30,8,26,15
22-04-2009,30,15,48,22,37,12
18-04-2009,7,28,44,43,15,20
15-04-2009,59,22,26,16,27,5
11-04-2009,46,49,7,35,28,20
08-04-2009,52,56,1,6,48,9
04-04-2009,21,57,58,14,50,7
01-04-2009,2,33,41,54,9,14
28-03-2009,48,2,16,41,3,19
25-03-2009,23,47,10,20,54,26
21-03-2009,49,27,23,52,19,21
18-03-2009,16,29,26,45,41,1
14-03-2009,7,44,33,30,51,10
11-03-2009,13,7,47,3,34,30
07-03-2009,59,27,56,28,21,21
04-03-2009,6,1,44,55,49,36
28-02-2009,3,58,16,20,42,7
25-02-2009,32,49,42,56,17,11
21-02-2009,31,46,13,45,41,21
18-02-2009,44,15,56,39,2,15
14-02-2009,2,8,9,33,45,5
11-02-2009,5,22,45,49,10,37
07-02-2009,18,53,5,28,20,27
04-02-2009,24,44,30,32,7,18
31-01-2009,33,26,14,41,1,37
28-01-2009,10,32,18,5,23,4
24-01-2009,6,37,42,20,25,25
21-01-2009,26,20,54,46,38,23
17-01-2009,9,5,59,23,2,26
14-01-2009,46,34,25,8,39,34
10-01-2009,8,56,10,18,43,9
07-01-2009,23,31,33,38,52,24
03-01-2009,38,22,55,24,17,24
31-12-2008,11,53,8,7,17,36
27-12-2008,12,43,15,31,26,10
24-12-2008,17,2,32,22,41,8
20-12-2008,3,19,32,54,14,24
17-12-2008,11,7,30,24,18,26
13-12-2008,40,14,28,26,31,13
10-12-2008,37,6,41,24,15,37
06-12-2008,53,9,39,43,35,10
03-12-2008,17,21,25,16,55,3
29-11-2008,5,55,33,39,36,21
26-11-2008,11,31,52,26,34,14
22-11-2008,19,32,26,45,17,14
19-11-2008,8,45,13,39,38,31
15-11-2008,7,44,8,12,3,37
12-11-2008,18,45,25,1,29,2
08-11-2008,40,36,4,21,2,41
05-11-2008,18,33,36,4,8,32
01-11-2008,40,4,41,6,26,15
29-10-2008,37,50,20,30,52,33
25-10-2008,1,3,14,38,48,2
22-10-2008,17,52,10,33,51,5
18-10-2008,40,10,14,32,49,15
15-10-2008,3,13,38,32,48,13
11-10-2008,39,3,17,47,7,9
08-10-2008,48,12,54,17,2,2
04-10-2008,39,4,32,1,26,18
01-10-2008,43,39,8,9,55,26
27-09-2008,40,24,13,29,52,29
24-09-2008,32,36,13,21,5,33
20-09-2008,47,30,40,28,6,24
17-09-2008,12,26,32,23,44,20
13-09-2008,29,17,7,51,43,38
10-09-2008,37,28,15,53,14,18
06-09-2008,26,54,49,25,17,11
03-09-2008,49,38,40,46,50,34
30-08-2008,14,32,47,2,15,36
27-08-2008,13,49,31,48,36,11
23-08-2008,47,33,18,48,24,23
20-08-2008,15,24,47,35,16,26
16-08-2008,5,43,34,52,40,20
13-08-2008,31,10,5,23,19,26
09-08-2008,53,40,32,49,43,21
06-08-2008,24,37,5,36,51,19
02-08-2008,5,28,33,2,54,30
30-07-2008,25,55,3,51,45,13
26-07-2008,51,55,21,12,13,18
23-07-2008,52,11,14,35,41,2
19-07-2008,55,46,53,6,28,2
16-07-2008,3,23,15,42,29,17
12-07-2008,20,50,12,2,22,17
09-07-2008,5,31,7,49,53,14
05-07-2008,24,47,34,1,48,18
02-07-2008,46,33,52,48,4,17
28-06-2008,26,32,14,34,44,6
25-06-2008,53,45,14,21,25,9
21-06-2008,8,7,50,31,9,31
18-06-2008,52,9,31,39,12,32
14-06-2008,50,31,9,20,11,14
11-06-2008,7,49,18,28,21,1
07-06-2008,26,44,34,12,48,9
04-06-2008,18,5,52,40,20,3
31-05-2008,9,17,3,14,25,8
28-05-2008,18,45,22,10,37,9
24-05-2008,40,33,51,52,41,6
21-05-2008,21,33,42,7,16,25
17-05-2008,12,21,14,15,43,30
14-05-2008,46,29,21,32,19,32
10-05-2008,30,7,18,45,41,6
07-05-2008,42,26,25,28,9,26
03-05-2008,28,2,36,46,42,40
30-04-2008,25,51,43,17,1,38
26-04-2008,27,45,7,12,17,24
23-04-2008,22,39,21,20,11,1
19-04-2008,24,13,19,39,33,8
16-04-2008,21,18,11,16,51,16
12-04-2008,52,11,55,48,29,36
09-04-2008,46,13,32,3,19,18
05-04-2008,30,47,27,12,37,26
02-04-2008,37,1,55,44,34,33
29-03-2008,18,36,31,25,20,7
26-03-2008,20,37,49,9,12,17
22-03-2008,48,46,28,25,7,19
19-03-2008,29,6,8,49,41,42
15-03-2008,6,42,43,47,22,16
12-03-2008,30,12,34,19,36,8
08-03-2008,29,49,17,34,31,16
05-03-2008,10,15,23,16,31,5
01-03-2008,31,21,19,2,55,19
27-02-2008,37,48,53,20,24,11
23-02-2008,23,29,8,13,47,32
20-02-2008,20,9,36,22,12,31
16-02-2008,3,49,4,20,8,18
13-02-2008,32,13,38,51,19,30
09-02-2008,24,4,23,43,30,28
06-02-2008,3,43,5,42,12,5
02-02-2008,14,44,25,26,16,30
30-01-2008,55,2,17,41,54,17
26-01-2008,39,53,35,11,54,24
23-01-2008,48,47,35,4,16,39
19-01-2008,28,20,23,25,27,2
16-01-2008,9,18,47,38,19,11
12-01-2008,47,53,43,23,39,14
09-01-2008,2,20,13,23,21,24
05-01-2008,33,11,16,4,40,9
02-01-2008,31,34,48,11,2,5
29-12-2007,8,12,49,17,35,18
26-12-2007,55,32,8,54,41,20
22-12-2007,34,10,38,5,11,21
19-12-2007,22,15,42,18,23,37
15-12-2007,47,22,37,48,50,17
12-12-2007,7,40,55,33,14,15
08-12-2007,31,8,29,25,4,41
05-12-2007,8,55,21,15,1,41
01-12-2007,41,32,39,55,7,13
28-11-2007,23,39,8,32,37,38
24-11-2007,7,1,23,35,13,19
21-11-2007,13,11,20,3,40,20
17-11-2007,53,52,49,27,17,23
14-11-2007,16,30,20,18,48,6
10-11-2007,6,26,30,24,22,12
07-11-2007,46,22,35,52,29,2
03-11-2007,1,38,40,53,31,42
31-10-2007,29,18,6,37,16,24
27-10-2007,13,25,30,40,43,12
24-10-2007,10,52,11,49,18,2
20-10-2007,40,10,11,37,54,10
17-10-2007,46,15,42,19,14,37
13-10-2007,21,34,36,30,49,42
10-10-2007,31,54,33,16,12,5
06-10-2007,33,32,51,8,30,2
03-10-2007,2,4,15,28,14,23
29-09-2007,38,55,33,31,49,39
26-09-2007,27,54,25,31,44,8
22-09-2007,4,9,18,55,43,3
19-09-2007,26,25,20,46,45,15
15-09-2007,51,48,16,13,27,21
12-09-2007,47,5,24,26,33,1
08-09-2007,12,30,7,48,28,40
05-09-2007,48,30,21,20,11,18
01-09-2007,19,39,23,37,12,13
29-08-2007,33,47,13,16,44,29
25-08-2007,23,29,35,8,2,19
22-08-2007,12,37,48,40,50,37
18-08-2007,15,12,31,28,50,12
15-08-2007,19,51,24,22,38,9
11-08-2007,37,1,11,10,40,20
08-08-2007,52,21,9,16,30,9
04-08-2007,27,24,2,36,23,3
01-08-2007,16,52,9,23,51,12
28-07-2007,19,24,47,27,15,11
25-07-2007,28,35,47,40,53,30
21-07-2007,46,39,30,14,43,14
18-07-2007,9,42,14,40,3,3
14-07-2007,1,36,30,34,21,37
11-07-2007,43,42,20,29,8,35
07-07-2007,47,21,41,15,27,20
04-07-2007,17,49,15,1,2,35
30-06-2007,38,39,47,24,46,26
27-06-2007,9,13,11,24,43,18
23-06-2007,27,43,14,15,53,28
20-06-2007,23,31,32,37,55,35
16-06-2007,8,47,4,51,32,27
13-06-2007,47,28,13,30,10,26
09-06-2007,10,7,32,25,41,22
06-06-2007,45,14,48,5,9,28
02-06-2007,2,36,22,32,47,36
30-05-2007,55,7,54,23,35,28
26-05-2007,21,5,46,1,51,29
23-05-2007,38,24,3,11,36,6
19-05-2007,26,19,45,21,3,2
16-05-2007,42,7,16,6,34,23
12-05-2007,30,51,53,44,46,25
09-05-2007,44,2,52,30,13,40
05-05-2007,29,21,13,40,50,6
02-05-2007,40,1,8,47,35,9
28-04-2007,16,43,46,49,22,10
25-04-2007,14,12,13,17,53,11
21-04-2007,45,26,28,22,33,17
18-04-2007,13,10,24,12,6,19
14-04-2007,12,49,21,36,38,18
11-04-2007,42,51,6,38,15,18
07-04-2007,28,55,54,2,31,23
04-04-2007,39,19,53,30,40,16
31-03-2007,36,5,2,16,40,36
28-03-2007,47,6,35,20,37,1
24-03-2007,53,38,40,10,48,3
21-03-2007,53,38,24,54,16,5
17-03-2007,17,47,44,7,54,3
14-03-2007,44,4,27,30,39,18
10-03-2007,42,18,43,34,14,32
07-03-2007,18,16,46,19,13,36
03-03-2007,16,22,5,1,48,6
28-02-2007,41,20,13,42,53,2
24-02-2007,42,55,38,54,36,24
21-02-2007,8,2,29,22,37,3
17-02-2007,35,1,15,37,45,32
14-02-2007,3,30,26,54,55,15
10-02-2007,41,11,16,42,2,16
07-02-2007,22,4,28,37,52,10
03-02-2007,13,20,33,42,12,37
31-01-2007,48,42,2,25,15,14
27-01-2007,10,26,19,32,27,14
24-01-2007,53,29,9,42,19,17
20-01-2007,1,38,5,26,32,30
17-01-2007,52,35,16,49,50,31
13-01-2007,21,1,26,23,25,4
10-01-2007,45,54,42,53,36,36
06-01-2007,24,40,1,50,49,38
03-01-2007,12,55,24,35,10,31
30-12-2006,31,28,23,9,36,26
27-12-2006,14,29,16,27,41,29
23-12-2006,27,43,53,8,52,5
20-12-2006,6,26,14,1,34,34
16-12-2006,28,17,36,5,51,5
13-12-2006,33,32,19,54,42,15
09-12-2006,52,22,19,34,30,40
06-12-2006,38,36,35,7,34,14
02-12-2006,42,34,50,45,17,11
29-11-2006,2,9,12,8,19,25
25-11-2006,55,49,28,5,18,38
22-11-2006,22,49,32,36,55,8
18-11-2006,42,36,19,1,8,20
15-11-2006,11,28,43,30,34,29
11-11-2006,40,49,38,35,55,41
08-11-2006,12,53,8,11,26,4
04-11-2006,44,13,34,12,39,5
01-11-2006,46,54,13,7,8,35
28-10-2006,38,22,41,30,14,12
25-10-2006,16,40,43,48,42,1
21-10-2006,45,55,29,9,31,7
18-10-2006,41,2,24,34,48,24
14-10-2006,26,15,1,17,40,19
11-10-2006,38,10,35,5,12,9
07-10-2006,4,31,45,3,8,12
04-10-2006,39,27,7,3,40,8
30-09-2006,30,32,15,39,6,5
27-09-2006,49,23,33,35,28,16
23-09-2006,21,45,26,13,50,20
20-09-2006,54,8,7,29,17,26
16-09-2006,26,42,27,7,8,12
13-09-2006,15,47,19,45,26,3
09-09-2006,20,47,3,22,19,2
06-09-2006,27,35,21,55,2,1
02-09-2006,24,28,3,49,8,25
30-08-2006,35,3,19,43,33,1
26-08-2006,26,24,42,38,46,16
23-08-2006,17,8,51,24,38,31
19-08-2006,12,51,29,22,26,9
16-08-2006,22,2,13,50,48,2
12-08-2006,14,54,27,18,13,32
09-08-2006,52,19,43,41,16,35
05-08-2006,48,50,3,9,2,23
02-08-2006,24,19,10,16,13,15
29-07-2006,14,39,55,19,26,29
26-07-2006,10,5,24,17,43,31
22-07-2006,40,47,14,55,54,6
19-07-2006,44,50,2,38,32,21
15-07-2006,36,20,47,50,35,5
12-07-2006,31,33,30,18,19,15
08-07-2006,50,44,49,32,37,13
05-07-2006,26,52,39,41,53,20
01-07-2006,40,35,42,2,31,34
28-06-2006,45,51,8,16,2,32
24-06-2006,39,8,47,11,30,23
21-06-2006,11,19,22,43,45,34
17-06-2006,39,48,20,22,10,25
14-06-2006,4,40,14,48,15,12
10-06-2006,36,54,24,26,16,11
07-06-2006,20,10,4,26,40,8
03-06-2006,20,5,18,50,6,35
31-05-2006,49,22,20,43,10,3
27-05-2006,41,6,27,23,47,19
24-05-2006,3,12,47,51,2,10
20-05-2006,23,2,9,44,45,38
17-05-2006,15,26,24,35,17,38
13-05-2006,30,54,19,47,28,13
10-05-2006,4,3,11,44,37,24
06-05-2006,38,12,32,23,25,27
03-05-2006,38,19,6,42,4,37
29-04-2006,19,40,35,30,41,14
26-04-2006,55,26,48,24,12,14
22-04-2006,4,6,27,5,18,24
19-04-2006,32,53,34,5,28,10
15-04-2006,46,23,13,28,18,33
12-04-2006,34,41,26,35,16,24
08-04-2006,35,4,43,44,23,35
05-04-2006,29,39,9,24,3,42
01-04-2006,55,10,50,1,23,29
29-03-2006,24,28,54,2,14,13
25-03-2006,20,37,34,45,39,32
22-03-2006,45,38,23,22,18,31
18-03-2006,25,1,36,42,34,19
15-03-2006,36,48,54,7,12,37
11-03-2006,54,37,35,52,16,33
08-03-2006,5,7,21,1,43,20
04-03-2006,13,52,22,55,27,26
01-03-2006,25,10,35,41,38,23
25-02-2006,51,3,48,46,37,22
22-02-2006,47,53,23,55,9,39
18-02-2006,44,48,15,43,17,29
15-02-2006,39,35,3,13,40,37
11-02-2006,38,7,51,40,52,14
08-02-2006,48,32,25,14,54,10
04-02-2006,38,30,4,13,12,30
01-02-2006,13,30,55,11,35,37
28-01-2006,26,15,28,36,14,36
25-01-2006,52,37,50,43,10,14
21-01-2006,54,18,3,39,43,41
18-01-2006,53,38,15,29,52,7
14-01-2006,49,14,6,46,40,17
11-01-2006,18,14,3,17,6,14
07-01-2006,2,21,43,32,16,6
04-01-2006,23,10,48,54,42,3
31-12-2005,43,4,46,30,37,42
28-12-2005,12,46,15,54,30,1
24-12-2005,4,10,34,50,33,14
21-12-2005,23,43,12,16,9,37
17-12-2005,24,44,53,36,46,18
14-12-2005,45,15,8,16,51,11
10-12-2005,45,34,42,3,21,39
07-12-2005,45,30,54,41,19,14
03-12-2005,2,26,42,15,37,36
30-11-2005,42,23,19,27,52,1
26-11-2005,34,28,53,37,45,32
23-11-2005,24,25,9,27,12,33
19-11-2005,15,54,20,41,8,22
16-11-2005,5,20,44,21,18,27
12-11-2005,48,41,17,55,37,39
09-11-2005,5,49,14,13,31,30
05-11-2005,37,25,50,29,7,17
02-11-2005,41,14,6,11,27,38
29-10-2005,41,50,22,19,14,21
26-10-2005,43,39,2,42,10,23
22-10-2005,36,6,53,51,7,17
19-10-2005,49,21,44,7,43,29
15-10-2005,34,1,7,8,45,15
12-10-2005,54,51,9,18,4,10
08-10-2005,26,31,35,50,46,28
05-10-2005,25,30,45,2,15,17
01-10-2005,18,54,38,8,45,23
28-09-2005,7,22,27,48,50,17
24-09-2005,2,10,43,55,31,14
21-09-2005,35,28,34,3,50,8
17-09-2005,49,52,5,9,27,6
14-09-2005,24,50,21,42,49,1
10-09-2005,10,11,8,48,50,16
07-09-2005,32,50,12,40,54,37
03-09-2005,30,3,31,1,43,36
31-08-2005,17,19,13,50,41,13
27-08-2005,8,39,31,44,22,11
24-08-2005,35,9,26,11,51,32
20-08-2005,27,13,28,29,49,36
17-08-2005,8,43,53,30,3,15
13-08-2005,2,37,43,18,1,37
10-08-2005,31,13,49,38,36,2
06-08-2005,9,1,19,36,53,33
03-08-2005,39,5,24,19,28,24
30-07-2005,14,38,35,8,46,24
27-07-2005,4,13,10,29,1,3
23-07-2005,28,13,20,32,16,36
20-07-2005,51,7,32,39,6,31
16-07-2005,50,33,32,41,8,22
13-07-2005,5,23,43,4,13,34
09-07-2005,53,39,8,9,47,4
06-07-2005,12,25,48,2,30,38
02-07-2005,29,9,10,52,39,20
29-06-2005,42,8,49,22,3,39
25-06-2005,28,32,40,7,31,14
22-06-2005,13,51,42,23,9,15
18-06-2005,10,5,24,16,8,5
15-06-2005,39,20,22,14,44,14
11-06-2005,3,46,10,24,14,37
08-06-2005,36,10,43,40,42,42
04-06-2005,16,44,7,38,48,18
01-06-2005,34,50,39,42,15,12
28-05-2005,39,24,5,28,7,36
25-05-2005,29,46,27,31,42,33
21-05-2005,7,30,5,10,2,23
18-05-2005,17,7,20,13,35,35
14-05-2005,49,21,29,38,52,42
11-05-2005,46,49,5,48,25,6
07-05-2005,47,44,23,21,39,19
04-05-2005,27,33,40,10,21,2
30-04-2005,8,48,32,15,17,24
27-04-2005,42,11,32,13,18,4
23-04-2005,15,8,50,9,13,9
20-04-2005,7,16,33,34,46,27
16-04-2005,11,44,38,51,45,41
13-04-2005,37,51,6,13,52,25
09-04-2005,46,11,1,35,53,29
06-04-2005,5,14,11,51,22,17
02-04-2005,11,9,5,17,46,39
30-03-2005,28,39,22,32,33,42
26-03-2005,35,12,9,51,41,36
23-03-2005,29,23,40,45,37,38
19-03-2005,41,1,21,32,28,9
16-03-2005,19,38,11,25,50,35
12-03-2005,40,23,52,46,7,41
09-03-2005,20,17,10,23,45,31
05-03-2005,40,9,27,53,13,28
02-03-2005,48,18,46,3,10,8
26-02-2005,33,22,49,30,8,6
23-02-2005,4,48,15,10,51,13
19-02-2005,12,15,18,52,27,36
16-02-2005,48,21,41,27,25,25
12-02-2005,50,21,28,18,49,16
09-02-2005,10,15,9,18,29,9
05-02-2005,44,11,34,47,37,23
02-02-2005,16,44,40,10,11,2
29-01-2005,41,29,20,16,11,12
26-01-2005,5,32,48,47,43,33
22-01-2005,33,32,34,11,23,38
19-01-2005,49,32,9,18,33,27
15-01-2005,37,49,21,51,26,25
12-01-2005,50,21,27,38,23,38
08-01-2005,11,22,24,9,43,2
05-01-2005,10,7,37,4,30,37
01-01-2005,47,22,23,26,44,12
29-12-2004,44,33,29,38,24,7
25-12-2004,39,29,32,53,45,16
22-12-2004,7,11,31,24,2,18
18-12-2004,30,1,29,25,45,12
15-12-2004,38,1,53,11,6,11
11-12-2004,16,53,41,7,6,23
08-12-2004,17,13,50,35,45,2
04-12-2004,30,9,22,6,16,4
01-12-2004,44,28,36,38,3,1
27-11-2004,16,35,47,36,28,31
24-11-2004,47,49,53,3,19,4
20-11-2004,45,50,48,4,29,1
17-11-2004,31,15,46,25,36,37
13-11-2004,33,34,26,5,6,13
10-11-2004,14,43,45,21,29,26
06-11-2004,18,22,33,40,38,19
03-11-2004,48,43,45,11,35,42
30-10-2004,20,27,48,40,30,11
27-10-2004,40,51,44,11,17,21
23-10-2004,49,50,15,52,24,40
20-10-2004,41,46,11,17,1,24
16-10-2004,22,42,5,36,20,11
13-10-2004,17,45,46,5,14,41
09-10-2004,10,48,47,3,1,27
06-10-2004,50,19,44,5,6,28
02-10-2004,32,35,29,13,2,4
29-09-2004,35,16,37,28,33,17
25-09-2004,41,11,40,48,25,3
22-09-2004,37,6,34,14,40,7
18-09-2004,14,36,31,2,27,9
15-09-2004,28,17,1,50,8,20
11-09-2004,36,25,49,46,34,9
08-09-2004,28,4,2,33,52,18
04-09-2004,46,15,26,25,13,28
01-09-2004,44,45,33,51,31,31
28-08-2004,35,6,30,45,39,31
25-08-2004,32,1,50,30,37,19
21-08-2004,40,27,39,16,3,3
18-08-2004,35,40,42,33,31,40
14-08-2004,4,10,43,18,11,41
11-08-2004,10,33,5,51,29,35
07-08-2004,16,34,9,8,48,8
04-08-2004,37,11,26,22,51,21
31-07-2004,47,31,14,35,45,35
28-07-2004,40,4,39,19,50,22
24-07-2004,52,29,2,3,13,25
21-07-2004,42,38,46,31,3,2
17-07-2004,23,45,50,20,36,9
14-07-2004,9,49,24,45,50,37
10-07-2004,17,44,23,16,26,13
07-07-2004,41,34,30,25,18,10
03-07-2004,3,30,8,47,12,23
30-06-2004,47,45,2,31,29,4
26-06-2004,17,47,9,32,41,8
23-06-2004,16,20,9,12,39,1
19-06-2004,2,37,36,48,9,16
16-06-2004,16,18,48,39,26,22
12-06-2004,6,52,48,43,20,28
09-06-2004,31,50,37,1,33,40
05-06-2004,41,5,42,39,26,39
02-06-2004,26,6,12,29,5,30
29-05-2004,1,16,32,39,30,2
26-05-2004,38,10,31,3,35,16
22-05-2004,1,49,42,36,7,41
19-05-2004,31,14,41,37,15,31
15-05-2004,1,26,46,27,43,31
12-05-2004,42,45,11,31,35,35
08-05-2004,37,3,43,9,17,39
05-05-2004,21,25,16,9,32,8
01-05-2004,1,34,47,10,39,33
28-04-2004,27,34,52,49,42,23
24-04-2004,2,44,35,13,22,28
21-04-2004,11,8,51,42,34,27
17-04-2004,41,4,42,34,29,11
14-04-2004,38,22,1,20,6,22
10-04-2004,2,48,30,9,47,40
07-04-2004,7,37,2,35,16,10
03-04-2004,43,7,26,6,32,13
31-03-2004,15,31,39,34,50,35
27-03-2004,30,17,2,15,34,32
24-03-2004,39,47,43,20,18,31
20-03-2004,44,14,24,27,2,6
17-03-2004,24,15,20,43,7,5
13-03-2004,50,44,11,48,45,2
10-03-2004,10,41,22,20,49,6
06-03-2004,49,46,17,51,9,9
03-03-2004,23,11,17,53,5,34
28-02-2004,25,52,53,6,26,40
25-02-2004,4,47,17,11,5,35
21-02-2004,22,26,53,48,15,14
18-02-2004,50,36,24,4,44,2
14-02-2004,10,24,25,35,43,32
11-02-2004,5,16,28,50,52,4
07-02-2004,31,34,35,39,46,3
04-02-2004,7,12,17,25,32,33
31-01-2004,3,6,27,37,41,38
28-01-2004,8,13,17,39,48,34
24-01-2004,1,5,37,38,53,31
21-01-2004,13,17,34,41,45,17
17-01-2004,8,9,32,45,48,15
14-01-2004,12,33,40,44,50,40
10-01-2004,2,13,19,27,50,5
07-01-2004,4,7,14,18,44,25
03-01-2004,4,5,22,41,42,2
31-12-2003,5,7,18,28,35,1
27-12-2003,16,17,32,34,43,31
24-12-2003,1,6,31,34,44,25
20-12-2003,12,20,24,25,48,37
17-12-2003,15,18,19,21,43,7
13-12-2003,17,19,25,26,44,19
10-12-2003,4,17,26,37,40,15
06-12-2003,21,24,37,41,45,39
03-12-2003,1,10,35,37,43,30
29-11-2003,14,36,39,43,51,15
26-11-2003,1,3,16,37,41,19
22-11-2003,9,12,17,29,45,4
19-11-2003,16,26,36,42,47,33
15-11-2003,8,20,22,32,52,39
12-11-2003,7,11,19,20,22,1
08-11-2003,5,8,24,38,52,22
05-11-2003,6,20,27,38,39,31
01-11-2003,16,19,34,37,47,18
29-10-2003,8,19,22,34,53,29
25-10-2003,6,17,45,47,48,4
22-10-2003,3,25,27,28,53,35
18-10-2003,22,25,33,34,35,14
15-10-2003,6,9,29,39,52,8
11-10-2003,11,14,21,32,45,21
08-10-2003,1,6,7,8,25,18
04-10-2003,8,13,29,44,48,36
01-10-2003,4,5,19,21,50,41
27-09-2003,9,20,30,41,48,29
24-09-2003,17,19,20,28,47,37
20-09-2003,11,13,28,31,33,29
17-09-2003,2,19,24,32,34,2
13-09-2003,6,10,19,28,32,39
10-09-2003,3,17,29,30,33,34
06-09-2003,6,15,18,20,41,17
03-09-2003,6,9,19,24,40,31
30-08-2003,9,35,36,41,49,33
27-08-2003,24,31,36,42,46,32
23-08-2003,1,39,46,50,51,7
20-08-2003,8,22,35,46,48,15
16-08-2003,13,15,20,37,42,7
13-08-2003,26,31,35,44,48,32
09-08-2003,18,23,25,26,40,15
06-08-2003,11,14,26,31,48,30
02-08-2003,17,40,41,42,46,25
30-07-2003,18,22,26,31,49,28
26-07-2003,9,10,30,32,34,11
23-07-2003,4,16,34,37,51,38
19-07-2003,14,29,30,34,48,1
16-07-2003,18,27,28,30,49,20
12-07-2003,6,16,50,51,52,23
09-07-2003,19,21,26,31,51,40
05-07-2003,5,17,25,37,49,21
02-07-2003,16,17,24,26,45,36
28-06-2003,7,9,14,41,44,25
25-06-2003,5,26,35,43,50,4
21-06-2003,15,19,27,36,44,17
18-06-2003,19,20,21,45,46,20
14-06-2003,12,26,40,42,50,3
11-06-2003,12,16,43,44,46,38
07-06-2003,11,17,26,27,40,6
04-06-2003,2,14,24,26,53,1
31-05-2003,10,26,30,46,52,35
28-05-2003,6,16,17,19,38,16
24-05-2003,10,42,48,49,50,42
21-05-2003,4,30,32,35,41,9
17-05-2003,5,13,18,42,50,4
14-05-2003,20,33,34,45,52,21
10-05-2003,1,2,6,10,20,38
07-05-2003,13,18,34,35,51,28
03-05-2003,14,21,39,40,47,6
30-04-2003,7,13,17,32,33,35
26-04-2003,5,11,13,22,36,31
23-04-2003,14,15,23,31,51,34
19-04-2003,10,18,40,46,48,30
16-04-2003,4,25,39,41,50,31
12-04-2003,17,27,28,35,52,2
09-04-2003,6,28,35,38,51,41
05-04-2003,7,14,23,46,49,20
02-04-2003,12,17,35,47,50,13
29-03-2003,2,9,17,25,36,8
26-03-2003,10,28,31,40,52,41
22-03-2003,5,29,31,47,49,25
19-03-2003,19,37,40,47,51,40
15-03-2003,12,30,41,45,52,35
12-03-2003,5,24,25,44,52,20
08-03-2003,1,5,20,21,45,24
05-03-2003,2,24,28,37,44,6
01-03-2003,6,7,27,28,41,3
26-02-2003,10,23,27,31,34,11
22-02-2003,2,5,6,9,10,26
19-02-2003,6,11,16,17,44,26
15-02-2003,1,26,29,38,42,30
12-02-2003,7,12,19,47,49,6
08-02-2003,2,13,20,21,23,35
05-02-2003,2,5,7,9,48,32
01-02-2003,2,11,16,21,39,42
29-01-2003,10,12,27,30,53,28
25-01-2003,10,12,15,49,51,21
22-01-2003,20,28,30,40,43,3
18-01-2003,4,17,34,48,52,10
15-01-2003,4,17,30,42,44,15
11-01-2003,9,45,46,48,51,2
08-01-2003,16,22,26,44,46,20
04-01-2003,1,11,37,39,40,23
01-01-2003,18,34,42,43,53,17
28-12-2002,2,15,38,43,50,29
25-12-2002,5,14,16,29,53,7
21-12-2002,5,22,34,39,52,30
18-12-2002,2,14,33,50,52,22
14-12-2002,8,17,24,42,44,37
11-12-2002,6,12,14,22,33,21
07-12-2002,3,17,27,32,48,1
04-12-2002,13,20,21,35,40,35
30-11-2002,1,4,19,21,29,8
27-11-2002,1,20,25,40,53,19
23-11-2002,15,16,19,21,49,5
20-11-2002,14,21,22,29,44,3
16-11-2002,32,33,35,40,51,1
13-11-2002,18,23,31,38,50,20
09-11-2002,30,36,38,40,53,8
06-11-2002,9,11,12,17,19,23
02-11-2002,8,15,32,34,35,34
30-10-2002,9,16,19,23,41,12
26-10-2002,12,14,27,33,39,41
23-10-2002,2,14,18,30,31,36
19-10-2002,4,18,20,25,42,29
16-10-2002,8,11,24,31,37,41
12-10-2002,23,26,46,49,52,28
09-10-2002,9,10,38,42,43,5
05-10-2002,14,19,22,39,43,12
02-10-2002,2,4,5,38,43,34
28-09-2002,12,22,24,31,35,8
25-09-2002,1,12,23,36,49,9
21-09-2002,3,11,28,40,45,33
18-09-2002,6,27,32,42,44,10
14-09-2002,5,14,26,31,40,29
11-09-2002,3,6,26,39,48,28
07-09-2002,6,12,19,24,34,18
04-09-2002,15,18,26,31,36,20
31-08-2002,12,14,22,29,41,41
28-08-2002,24,30,36,37,38,42
24-08-2002,5,10,18,24,45,20
21-08-2002,1,6,43,47,48,36
17-08-2002,3,26,33,42,46,41
14-08-2002,4,16,19,33,41,29
10-08-2002,11,16,21,27,35,31
07-08-2002,13,35,40,46,47,35
03-08-2002,13,19,24,33,34,41
31-07-2002,2,4,6,22,34,26
27-07-2002,2,5,17,22,44,30
24-07-2002,16,19,22,34,37,20
20-07-2002,2,3,6,13,26,10
17-07-2002,10,11,25,40,45,25
13-07-2002,3,22,37,42,49,8
10-07-2002,26,31,37,43,45,32
06-07-2002,2,9,27,36,39,13
03-07-2002,7,19,38,48,49,10
29-06-2002,4,33,35,36,45,22
26-06-2002,6,9,17,23,24,14
22-06-2002,1,16,26,37,48,9
19-06-2002,1,3,4,7,11,23
15-06-2002,7,8,16,42,43,15
12-06-2002,13,18,27,39,49,20
08-06-2002,26,37,42,46,48,38
05-06-2002,1,18,21,36,47,33
01-06-2002,2,6,17,19,27,2
29-05-2002,18,28,31,35,49,13
25-05-2002,9,29,30,33,42,27
22-05-2002,5,20,22,23,34,19
18-05-2002,2,18,25,31,32,1
15-05-2002,30,33,36,37,49,35
11-05-2002,3,15,16,36,40,22
08-05-2002,6,11,25,28,34,35
04-05-2002,6,7,9,12,20,20
01-05-2002,3,26,32,45,48,6
27-04-2002,1,9,12,18,33,14
24-04-2002,1,13,16,33,43,1
20-04-2002,27,34,40,42,44,8
17-04-2002,2,3,22,23,36,22
13-04-2002,16,22,32,33,38,13
10-04-2002,7,12,17,29,48,21
06-04-2002,15,16,22,30,35,20
03-04-2002,8,14,17,29,36,3
30-03-2002,8,13,16,19,29,37
27-03-2002,15,35,40,43,46,33
23-03-2002,1,2,10,39,48,13
20-03-2002,4,20,25,30,49,37
16-03-2002,10,16,37,38,45,14
13-03-2002,4,27,28,33,49,39
09-03-2002,2,12,38,44,49,19
06-03-2002,5,7,15,30,38,2
02-03-2002,6,22,25,36,46,34
27-02-2002,1,2,6,19,45,27
23-02-2002,8,15,19,21,38,33
20-02-2002,8,9,19,22,25,11
16-02-2002,19,31,32,42,45,6
13-02-2002,2,10,33,38,43,19
09-02-2002,17,21,30,35,36,12
06-02-2002,10,24,28,34,35,32
02-02-2002,12,19,27,43,45,28
30-01-2002,7,9,15,21,40,18
26-01-2002,5,14,15,22,30,31
23-01-2002,14,18,30,32,47,36
19-01-2002,21,23,35,41,49,5
16-01-2002,24,31,34,40,47,30
12-01-2002,13,19,22,41,47,5
09-01-2002,7,39,40,42,43,4
05-01-2002,7,8,14,17,32,15
02-01-2002,23,36,42,44,46,33
29-12-2001,10,15,27,43,45,31
26-12-2001,8,19,23,39,41,21
22-12-2001,14,24,27,33,34,6
19-12-2001,20,26,35,36,43,23
15-12-2001,8,11,13,22,37,17
12-12-2001,4,20,35,43,47,27
08-12-2001,17,26,31,35,48,35
05-12-2001,8,9,13,14,21,37
01-12-2001,6,38,41,46,48,37
28-11-2001,5,15,18,24,48,16
24-11-2001,10,12,27,37,42,30
21-11-2001,27,28,31,38,41,13
17-11-2001,1,7,10,27,35,34
14-11-2001,4,17,28,30,40,3
10-11-2001,7,13,16,33,38,13
07-11-2001,2,4,6,17,25,31
03-11-2001,6,14,36,37,49,20
31-10-2001,2,16,18,35,40,41
27-10-2001,1,10,17,28,45,20
24-10-2001,6,15,24,27,42,32
20-10-2001,7,16,33,40,47,33
17-10-2001,5,7,29,40,46,5
13-10-2001,37,40,41,46,48,20
10-10-2001,1,7,8,16,19,37
06-10-2001,1,5,9,21,31,12
03-10-2001,2,20,23,35,49,25
29-09-2001,2,15,21,29,47,12
26-09-2001,18,26,30,35,44,19
22-09-2001,23,27,34,39,42,40
19-09-2001,21,26,28,31,41,29
15-09-2001,19,28,33,43,49,23
12-09-2001,13,25,35,39,47,1
08-09-2001,6,12,13,28,48,26
05-09-2001,14,18,24,33,42,8
01-09-2001,7,24,27,30,44,29
29-08-2001,4,9,32,35,49,28
25-08-2001,8,17,22,42,47,21
22-08-2001,2,28,30,36,39,10
18-08-2001,3,14,20,22,48,17
15-08-2001,29,37,40,43,44,6
11-08-2001,11,14,20,25,41,8
08-08-2001,2,10,25,37,41,2
04-08-2001,16,20,24,26,46,9
01-08-2001,24,25,26,34,39,31
28-07-2001,4,23,33,36,45,29
25-07-2001,16,23,29,37,39,17
21-07-2001,3,15,19,20,27,20
18-07-2001,4,9,26,31,49,2
14-07-2001,1,13,15,27,41,2
11-07-2001,10,16,18,24,26,13
07-07-2001,3,9,22,34,46,17
04-07-2001,3,25,26,28,30,10
30-06-2001,3,6,33,34,39,15
27-06-2001,3,7,13,16,35,22
23-06-2001,6,35,38,40,42,36
20-06-2001,5,9,14,18,49,32
16-06-2001,2,13,17,44,45,14
13-06-2001,9,32,34,36,41,14
09-06-2001,20,23,37,42,43,27
06-06-2001,10,20,21,40,45,22
02-06-2001,10,17,26,45,48,38
30-05-2001,11,12,28,36,43,9
26-05-2001,9,10,21,24,40,36
23-05-2001,19,21,32,34,49,38
19-05-2001,6,10,21,47,49,2
16-05-2001,12,13,20,28,44,17
12-05-2001,11,16,28,29,36,21
09-05-2001,9,14,19,22,49,34
05-05-2001,7,9,19,20,45,5
02-05-2001,2,19,30,36,42,19
28-04-2001,1,11,20,34,39,37
25-04-2001,14,26,28,29,39,39
21-04-2001,5,24,25,30,38,40
18-04-2001,6,11,18,20,44,39
14-04-2001,3,8,16,29,30,4
11-04-2001,4,21,32,39,41,31
07-04-2001,18,20,31,37,41,1
04-04-2001,5,12,13,16,43,11
31-03-2001,11,27,37,39,41,42
28-03-2001,4,12,27,31,43,20
24-03-2001,2,28,37,40,49,22
21-03-2001,13,14,18,20,21,16
17-03-2001,15,16,18,20,36,18
14-03-2001,12,22,27,42,49,34
10-03-2001,12,19,26,30,33,11
07-03-2001,9,23,32,40,45,31
03-03-2001,8,9,23,36,44,15
28-02-2001,1,3,9,46,47,22
24-02-2001,29,30,34,41,49,37
21-02-2001,4,10,32,39,45,25
17-02-2001,4,22,31,39,41,6
14-02-2001,5,18,29,41,42,16
10-02-2001,16,38,41,46,47,25
07-02-2001,4,6,7,31,33,20
03-02-2001,21,27,29,41,44,9
31-01-2001,15,21,27,37,47,16
27-01-2001,8,19,32,41,45,37
24-01-2001,31,34,39,42,49,26
20-01-2001,1,11,25,29,36,40
17-01-2001,9,16,28,31,48,36
13-01-2001,14,19,23,29,42,26
10-01-2001,6,9,22,23,35,6
06-01-2001,1,22,24,39,43,26
03-01-2001,9,19,29,38,49,20
30-12-2000,23,26,29,38,46,35
27-12-2000,15,22,24,32,39,18
23-12-2000,6,11,15,22,27,27
20-12-2000,4,7,31,34,41,28
16-12-2000,2,26,33,34,39,23
13-12-2000,6,10,19,38,43,41
09-12-2000,8,10,14,41,42,20
06-12-2000,7,15,20,23,45,17
02-12-2000,11,14,22,38,41,39
29-11-2000,1,4,20,27,29,17
25-11-2000,2,37,38,39,42,22
22-11-2000,5,18,40,44,47,34
18-11-2000,3,27,31,32,41,33
15-11-2000,12,26,32,41,46,18
11-11-2000,4,12,21,38,46,37
08-11-2000,13,17,37,45,49,4
04-11-2000,5,9,22,34,42,2
01-11-2000,4,10,14,29,39,10
28-10-2000,6,11,32,37,47,13
25-10-2000,3,5,20,45,46,37
21-10-2000,13,19,24,44,45,16
18-10-2000,17,21,28,42,43,25
14-10-2000,14,16,18,22,41,37
11-10-2000,26,32,41,44,45,35
07-10-2000,4,7,27,34,39,1
04-10-2000,3,16,24,34,48,3
30-09-2000,19,24,32,43,44,39
27-09-2000,24,32,42,44,47,15
23-09-2000,1,17,27,35,36,31
20-09-2000,17,21,23,33,45,11
16-09-2000,1,19,40,47,49,14
13-09-2000,2,13,21,22,47,31
09-09-2000,14,18,20,29,42,2
06-09-2000,4,6,12,28,42,6
02-09-2000,5,14,20,22,26,35
30-08-2000,4,25,29,36,46,8
26-08-2000,16,22,27,40,43,5
23-08-2000,20,28,40,43,47,31
19-08-2000,10,13,17,23,36,23
16-08-2000,15,16,27,44,47,14
12-08-2000,6,31,38,46,47,21
09-08-2000,11,17,18,19,28,34
05-08-2000,13,28,32,33,38,14
02-08-2000,12,27,33,42,49,31
29-07-2000,11,24,26,38,41,7
26-07-2000,3,20,22,37,44,36
22-07-2000,2,12,15,33,41,33
19-07-2000,5,8,18,36,38,40
15-07-2000,5,8,21,46,49,34
12-07-2000,6,9,10,26,48,10
08-07-2000,2,7,10,34,39,12
05-07-2000,10,14,18,32,33,2
01-07-2000,13,14,22,32,42,26
28-06-2000,13,24,27,30,45,18
24-06-2000,2,13,26,27,49,4
21-06-2000,1,24,27,28,43,25
17-06-2000,6,15,25,44,47,7
14-06-2000,21,23,32,34,42,5
10-06-2000,2,16,32,40,47,15
07-06-2000,19,39,45,46,49,17
03-06-2000,13,14,15,31,37,10
31-05-2000,15,16,22,42,43,11
27-05-2000,2,22,29,30,44,36
24-05-2000,7,19,43,46,47,4
20-05-2000,5,17,40,44,48,26
17-05-2000,16,17,20,28,49,34
13-05-2000,1,3,27,38,42,24
10-05-2000,8,18,20,31,47,11
06-05-2000,4,27,29,39,41,16
03-05-2000,5,13,34,41,48,7
29-04-2000,12,14,26,35,36,37
26-04-2000,5,10,17,24,37,15
22-04-2000,3,5,9,42,48,35
19-04-2000,3,8,9,20,49,22
15-04-2000,15,26,28,40,48,9
12-04-2000,4,6,20,25,31,6
08-04-2000,4,9,12,33,48,18
05-04-2000,6,8,11,18,39,40
01-04-2000,3,4,13,29,38,21
29-03-2000,12,32,37,40,49,37
25-03-2000,6,30,43,45,48,32
22-03-2000,3,12,30,41,46,32
18-03-2000,12,30,39,43,46,10
15-03-2000,14,15,19,38,44,20
11-03-2000,2,11,23,28,31,39
08-03-2000,11,14,17,25,36,38
04-03-2000,3,6,8,43,48,1
01-03-2000,21,22,29,30,38,39
26-02-2000,7,9,23,37,49,7
23-02-2000,12,16,20,26,32,35
19-02-2000,14,23,24,45,48,21
16-02-2000,9,10,12,31,41,37
12-02-2000,21,24,37,44,45,24
09-02-2000,5,29,36,40,49,30
05-02-2000,6,11,34,41,44,20
02-02-2000,6,10,12,16,29,33
29-01-2000,6,8,28,32,47,26
26-01-2000,18,25,30,43,46,18
22-01-2000,4,16,32,34,41,25
19-01-2000,12,31,35,37,44,34
15-01-2000,1,6,21,33,40,28
12-01-2000,9,32,38,41,44,27
08-01-2000,7,28,35,40,48,14
05-01-2000,5,15,16,28,32,39
01-01-2000,9,13,23,36,45,39
29-12-1999,3,11,14,16,43,10
25-12-1999,6,19,29,39,44,28
22-12-1999,11,13,23,42,43,18
18-12-1999,2,3,15,25,43,25
15-12-1999,19,32,33,35,47,26
11-12-1999,6,10,31,47,48,29
08-12-1999,13,34,40,44,47,24
04-12-1999,5,22,25,36,38,37
01-12-1999,3,14,20,32,47,2
27-11-1999,3,16,24,28,38,28
24-11-1999,2,4,15,37,43,40
20-11-1999,5,6,18,42,44,3
17-11-1999,11,20,27,43,48,12
13-11-1999,13,16,26,32,34,24
10-11-1999,13,19,31,40,43,36
06-11-1999,5,8,12,25,40,28
03-11-1999,1,3,7,8,26,7
30-10-1999,10,26,33,37,41,21
27-10-1999,17,20,24,31,39,21
23-10-1999,12,15,27,32,37,11
20-10-1999,2,16,19,20,29,13
16-10-1999,5,12,18,22,40,21
13-10-1999,15,23,38,43,44,38
09-10-1999,8,20,27,39,43,1
06-10-1999,6,7,15,38,42,42
02-10-1999,12,15,25,35,48,30
29-09-1999,11,22,29,41,46,42
25-09-1999,15,32,33,36,41,7
22-09-1999,8,33,35,38,47,8
18-09-1999,2,8,26,34,46,30
15-09-1999,1,12,37,42,48,31
11-09-1999,4,32,33,37,42,25
08-09-1999,8,15,22,39,43,22
04-09-1999,14,22,23,26,34,29
01-09-1999,9,32,36,37,39,14
28-08-1999,14,18,25,38,39,7
25-08-1999,11,13,21,34,45,30
21-08-1999,2,17,28,42,45,20
18-08-1999,5,8,9,26,41,19
14-08-1999,1,5,6,39,45,14
11-08-1999,5,7,10,12,43,7
07-08-1999,1,42,44,45,49,1
04-08-1999,4,18,24,33,35,34
31-07-1999,18,26,43,45,46,29
28-07-1999,22,23,25,31,32,25
24-07-1999,4,23,33,45,47,33
21-07-1999,4,13,26,29,31,3
17-07-1999,30,36,37,40,48,28
14-07-1999,1,6,25,29,32,9
10-07-1999,7,17,35,37,44,30
07-07-1999,3,6,17,37,41,8
03-07-1999,1,7,8,21,37,2
30-06-1999,5,10,12,20,40,3
26-06-1999,8,15,22,38,47,26
23-06-1999,12,15,17,23,49,7
19-06-1999,2,23,27,38,46,26
16-06-1999,2,4,8,14,38,1
12-06-1999,17,26,28,35,45,20
09-06-1999,7,32,35,38,48,17
05-06-1999,2,8,16,37,49,11
02-06-1999,4,20,24,46,48,32
29-05-1999,5,35,36,43,45,19
26-05-1999,26,29,34,36,37,24
22-05-1999,6,15,18,36,43,11
19-05-1999,4,9,24,35,41,31
15-05-1999,4,24,27,30,38,14
12-05-1999,4,5,12,38,40,28
08-05-1999,25,28,30,34,47,14
05-05-1999,7,9,26,31,40,24
01-05-1999,7,9,20,26,27,18
28-04-1999,5,7,12,18,42,14
24-04-1999,1,3,35,45,48,18
21-04-1999,3,11,32,41,45,29
17-04-1999,15,18,25,40,43,37
14-04-1999,10,12,19,25,40,33
10-04-1999,3,24,34,42,45,1
07-04-1999,5,26,31,37,39,42
03-04-1999,1,4,10,17,30,6
31-03-1999,3,15,16,28,39,1
27-03-1999,5,12,13,45,48,35
24-03-1999,7,19,20,26,27,12
20-03-1999,4,20,22,40,41,7
17-03-1999,9,15,31,37,40,9
13-03-1999,8,11,42,44,49,39
10-03-1999,1,14,26,34,49,15
06-03-1999,13,19,20,25,42,13
03-03-1999,1,8,12,42,44,13
27-02-1999,13,20,30,32,46,36
24-02-1999,8,15,29,40,46,23
20-02-1999,6,15,16,24,39,12
17-02-1999,10,21,22,25,36,39
13-02-1999,4,9,18,27,35,11
10-02-1999,10,20,27,31,42,26
06-02-1999,15,25,32,39,48,32
03-02-1999,20,26,30,39,42,32
30-01-1999,19,24,25,40,45,5
27-01-1999,2,4,20,23,44,22
23-01-1999,3,19,26,30,49,31
20-01-1999,2,12,19,40,48,27
16-01-1999,2,15,20,28,40,15
13-01-1999,15,31,33,43,47,6
09-01-1999,5,10,11,27,32,13
06-01-1999,2,9,13,16,44,36
02-01-1999,4,17,23,26,39,27
30-12-1998,10,20,34,38,46,3
26-12-1998,7,17,27,29,41,33
23-12-1998,29,31,39,45,46,33
19-12-1998,3,5,15,17,45,6
16-12-1998,3,8,19,27,32,38
12-12-1998,12,16,26,29,40,32
09-12-1998,12,33,40,43,48,16
05-12-1998,9,19,20,27,31,39
02-12-1998,4,22,29,36,45,30
28-11-1998,2,4,6,11,43,9
25-11-1998,6,10,13,33,48,9
21-11-1998,1,14,15,21,35,10
18-11-1998,21,25,33,39,46,18
14-11-1998,3,10,16,35,41,38
11-11-1998,10,14,25,36,48,2
07-11-1998,5,10,13,30,33,28
04-11-1998,2,8,17,30,36,22
31-10-1998,17,33,34,37,42,8
28-10-1998,8,9,24,35,44,42
24-10-1998,10,12,17,25,40,20
21-10-1998,22,24,27,39,44,25
17-10-1998,28,32,44,47,48,27
14-10-1998,14,15,18,26,32,6
10-10-1998,1,8,19,28,45,25
07-10-1998,6,8,9,15,26,7
03-10-1998,5,14,22,25,32,4
30-09-1998,2,3,8,12,36,24
26-09-1998,2,3,5,24,25,8
23-09-1998,1,5,21,22,42,18
19-09-1998,1,19,35,37,41,11
16-09-1998,6,24,35,40,42,2
12-09-1998,16,19,28,33,35,16
09-09-1998,4,12,19,42,46,9
05-09-1998,8,10,16,26,49,40
02-09-1998,21,28,29,40,44,8
29-08-1998,13,14,18,29,31,23
26-08-1998,6,23,32,42,46,8
22-08-1998,7,11,21,22,49,19
19-08-1998,8,15,23,43,46,29
15-08-1998,12,27,30,37,49,20
12-08-1998,2,10,33,42,45,2
08-08-1998,5,9,33,42,45,28
05-08-1998,3,12,19,35,42,21
01-08-1998,1,4,20,25,44,5
29-07-1998,8,39,43,45,49,13
25-07-1998,3,14,17,21,23,16
22-07-1998,1,22,23,30,49,33
18-07-1998,8,10,14,33,40,31
15-07-1998,11,16,21,23,36,37
11-07-1998,1,6,10,12,38,17
08-07-1998,5,16,19,29,34,24
04-07-1998,15,25,30,38,39,42
01-07-1998,3,17,29,35,47,34
27-06-1998,7,10,30,31,36,37
24-06-1998,13,16,18,27,30,23
20-06-1998,9,26,27,31,49,4
17-06-1998,7,14,35,36,37,10
13-06-1998,3,6,8,21,23,11
10-06-1998,4,12,19,36,38,6
06-06-1998,16,24,26,28,42,24
03-06-1998,22,25,31,35,41,38
30-05-1998,3,14,24,29,45,24
27-05-1998,2,15,27,33,46,27
23-05-1998,1,15,16,35,46,35
20-05-1998,4,9,30,34,48,8
16-05-1998,1,22,23,28,41,18
13-05-1998,2,13,18,30,36,26
09-05-1998,8,26,29,34,49,28
06-05-1998,11,20,44,45,47,5
02-05-1998,3,14,19,37,49,4
29-04-1998,8,25,30,46,47,31
25-04-1998,5,7,20,35,38,19
22-04-1998,4,13,29,31,49,4
18-04-1998,19,22,24,30,45,21
15-04-1998,8,24,25,39,41,21
11-04-1998,5,15,36,48,49,11
08-04-1998,3,10,24,30,49,35
04-04-1998,3,8,23,43,46,13
01-04-1998,11,12,33,34,47,39
28-03-1998,27,30,33,38,44,15
25-03-1998,5,23,35,42,44,29
21-03-1998,4,34,35,38,47,16
18-03-1998,2,4,33,39,41,26
14-03-1998,15,34,35,42,47,15
11-03-1998,2,5,17,24,36,20
07-03-1998,21,30,32,36,42,33
04-03-1998,3,19,30,33,39,9
28-02-1998,4,26,41,45,49,6
25-02-1998,2,20,30,43,46,19
21-02-1998,9,22,29,39,47,25
18-02-1998,1,21,28,29,33,15
14-02-1998,5,7,23,39,41,6
11-02-1998,25,33,34,35,37,35
07-02-1998,5,12,15,27,40,14
04-02-1998,8,12,21,25,30,20
31-01-1998,7,11,13,36,48,18
28-01-1998,15,23,31,36,48,12
24-01-1998,7,15,23,28,36,10
21-01-1998,1,23,26,31,32,33
17-01-1998,9,28,29,38,49,6
14-01-1998,6,9,16,28,38,13
10-01-1998,7,9,17,20,44,25
07-01-1998,3,4,18,30,37,23
03-01-1998,4,7,9,27,32,6
31-12-1997,4,5,6,14,27,6
27-12-1997,9,14,15,36,48,17
24-12-1997,3,16,28,34,35,14
20-12-1997,10,11,12,17,23,7
17-12-1997,3,5,13,18,45,20
13-12-1997,5,35,41,44,46,27
10-12-1997,4,18,21,28,41,3
06-12-1997,8,15,26,28,43,36
03-12-1997,9,14,18,42,47,32
29-11-1997,2,11,13,27,31,23
26-11-1997,15,23,34,40,46,35
22-11-1997,3,7,14,22,31,2
19-11-1997,3,10,19,21,48,22
15-11-1997,7,21,26,32,45,8
12-11-1997,13,14,16,29,41,1
08-11-1997,7,17,21,40,49,37
05-11-1997,2,19,24,28,35,26
01-11-1997,22,25,28,33,37,20
29-10-1997,6,11,13,26,32,37
25-10-1997,15,23,24,28,35,30
22-10-1997,5,9,23,40,43,24
18-10-1997,11,14,16,19,21,6
15-10-1997,7,9,19,21,34,8
11-10-1997,2,20,34,40,42,3
08-10-1997,10,14,22,33,35,11
04-10-1997,11,24,25,31,43,28
01-10-1997,18,21,25,36,44,9
27-09-1997,6,14,16,31,41,6
24-09-1997,9,12,25,28,39,20
20-09-1997,15,16,22,28,43,33
17-09-1997,22,26,28,31,34,18
13-09-1997,6,8,19,32,45,22
10-09-1997,1,2,16,21,42,3
06-09-1997,7,34,35,39,45,29
03-09-1997,2,5,10,22,39,42
30-08-1997,3,11,26,29,36,24
27-08-1997,1,8,36,37,38,19
23-08-1997,12,14,34,35,44,9
20-08-1997,1,3,12,15,25,23
16-08-1997,3,12,25,33,34,24
13-08-1997,13,17,31,36,41,19
09-08-1997,1,7,13,17,27,12
06-08-1997,3,6,12,25,45,10
02-08-1997,2,21,28,35,36,10
30-07-1997,6,16,21,30,34,11
26-07-1997,6,10,18,23,26,42
23-07-1997,26,36,40,42,45,12
19-07-1997,4,11,26,33,41,1
16-07-1997,13,17,18,39,44,24
12-07-1997,3,5,11,35,37,14
09-07-1997,4,32,33,36,39,22
05-07-1997,22,26,28,43,44,29
02-07-1997,9,18,37,44,45,38
28-06-1997,1,21,31,34,43,42
25-06-1997,20,29,34,35,39,16
21-06-1997,6,11,20,29,45,43
18-06-1997,16,23,24,28,29,24
14-06-1997,9,17,21,24,27,16
11-06-1997,7,10,23,33,45,12
07-06-1997,6,8,18,34,39,22
04-06-1997,4,12,18,20,38,40
31-05-1997,7,11,16,17,39,17
28-05-1997,6,10,30,34,39,19
24-05-1997,5,21,33,35,45,13
21-05-1997,8,20,32,37,44,40
17-05-1997,14,24,25,29,31,36
14-05-1997,8,28,36,42,44,18
10-05-1997,5,9,14,16,24,35
07-05-1997,8,10,12,27,35,4
03-05-1997,8,21,22,29,38,29
30-04-1997,17,26,31,33,40,32
26-04-1997,5,18,29,31,42,43
23-04-1997,4,16,21,31,39,13
19-04-1997,5,13,19,28,31,31
16-04-1997,15,16,24,39,45,37
12-04-1997,9,10,21,28,29,6
09-04-1997,17,36,42,43,45,16
05-04-1997,7,8,10,11,21,19
02-04-1997,4,6,13,33,40,17
29-03-1997,3,23,29,35,42,25
26-03-1997,4,15,19,26,32,33
22-03-1997,5,18,19,21,29,19
19-03-1997,3,6,7,37,42,19
15-03-1997,4,7,20,25,31,42
12-03-1997,1,17,22,30,37,11
08-03-1997,9,12,21,31,36,22
05-03-1997,21,29,31,32,43,28
01-03-1997,7,10,22,34,41,12
26-02-1997,4,8,9,11,44,6
22-02-1997,17,35,37,38,40,37
19-02-1997,7,8,21,23,38,28
15-02-1997,13,14,26,38,43,7
12-02-1997,12,16,28,29,36,37
08-02-1997,22,23,24,29,35,29
05-02-1997,2,8,18,37,45,42
01-02-1997,3,16,38,39,40,8
29-01-1997,1,4,26,28,37,9
25-01-1997,2,6,38,42,45,27
22-01-1997,3,11,12,29,41,35
18-01-1997,19,27,30,35,40,34
15-01-1997,15,27,34,39,44,18
11-01-1997,2,18,26,29,42,7
08-01-1997,7,14,22,37,45,18
04-01-1997,1,12,16,25,29,43
01-01-1997,6,13,17,19,42,44
28-12-1996,3,11,21,22,31,13
25-12-1996,13,14,17,25,26,29
21-12-1996,13,16,20,42,44,45
18-12-1996,3,21,28,36,45,1
14-12-1996,10,19,22,38,44,44
11-12-1996,4,8,15,22,36,43
07-12-1996,6,20,24,31,37,34
04-12-1996,1,10,17,20,42,29
30-11-1996,13,28,30,38,41,22
27-11-1996,1,31,37,38,39,3
23-11-1996,6,8,17,25,41,44
20-11-1996,11,12,15,18,35,19
16-11-1996,11,17,35,39,43,21
13-11-1996,17,19,25,27,30,1
09-11-1996,1,3,5,6,35,38
06-11-1996,11,18,30,35,42,1
02-11-1996,17,32,37,38,44,28
30-10-1996,10,13,19,37,43,45
26-10-1996,4,17,19,25,37,19
23-10-1996,9,24,27,31,34,18
19-10-1996,8,20,30,31,42,9
16-10-1996,20,31,33,40,43,10
12-10-1996,1,22,25,27,45,42
09-10-1996,2,14,16,21,33,27
05-10-1996,2,13,15,33,38,44
02-10-1996,13,14,16,19,37,25
28-09-1996,2,13,14,35,36,39
25-09-1996,7,10,25,33,38,43
21-09-1996,2,17,23,30,39,2
18-09-1996,12,21,22,23,38,27
14-09-1996,7,15,26,34,44,45
11-09-1996,8,9,12,18,33,11
07-09-1996,13,14,28,35,38,9
04-09-1996,19,26,29,36,45,11
31-08-1996,20,21,24,42,44,18
28-08-1996,10,24,29,38,45,1
24-08-1996,2,13,15,35,40,10
21-08-1996,10,18,19,31,45,30
17-08-1996,17,36,41,42,44,35
14-08-1996,1,19,26,37,41,27
10-08-1996,2,13,14,19,42,5
07-08-1996,8,11,15,31,42,40
03-08-1996,8,18,21,24,37,29
31-07-1996,6,13,21,39,43,38
27-07-1996,3,9,10,13,31,12
24-07-1996,15,25,28,34,44,26
20-07-1996,7,10,11,17,38,13
17-07-1996,4,15,21,24,36,35
13-07-1996,6,15,23,29,34,16
10-07-1996,2,11,15,30,44,27
06-07-1996,3,4,24,31,38,10
03-07-1996,4,14,27,29,38,12
29-06-1996,22,28,37,41,45,43
26-06-1996,8,23,36,40,41,26
22-06-1996,6,23,33,34,45,17
19-06-1996,9,12,38,40,44,10
15-06-1996,5,14,20,22,36,8
12-06-1996,7,15,23,38,43,31
08-06-1996,7,8,21,28,34,14
05-06-1996,1,3,19,35,37,1
01-06-1996,5,12,17,22,36,4
29-05-1996,14,20,29,40,44,1
25-05-1996,9,21,39,44,45,37
22-05-1996,15,26,33,35,39,27
18-05-1996,2,7,8,28,33,35
15-05-1996,11,16,17,32,37,16
11-05-1996,17,23,26,27,42,42
08-05-1996,10,16,24,28,41,8
04-05-1996,4,9,24,31,42,39
01-05-1996,2,14,27,30,43,9
27-04-1996,5,7,23,34,45,18
24-04-1996,5,18,20,24,43,22
20-04-1996,2,8,10,29,32,40
17-04-1996,2,20,26,31,36,2
13-04-1996,12,16,22,26,39,29
10-04-1996,2,10,23,31,37,40
06-04-1996,6,10,15,38,41,24
03-04-1996,15,16,32,38,42,9
30-03-1996,10,13,32,35,38,37
27-03-1996,1,6,17,30,39,44
23-03-1996,12,17,22,37,42,30
20-03-1996,11,14,17,26,42,35
16-03-1996,10,25,36,39,40,10
13-03-1996,15,18,23,32,43,6
09-03-1996,1,19,31,35,44,3
06-03-1996,1,5,7,13,40,42
02-03-1996,2,3,24,38,41,7
28-02-1996,22,30,34,44,45,37
24-02-1996,2,27,29,33,40,42
21-02-1996,5,9,21,35,38,16
17-02-1996,1,7,15,35,44,44
14-02-1996,4,8,15,16,25,35
10-02-1996,15,19,20,33,35,15
07-02-1996,6,32,38,39,40,8
03-02-1996,10,16,18,39,45,38
31-01-1996,1,4,16,38,45,35
27-01-1996,8,10,22,27,38,20
24-01-1996,1,24,30,36,42,7
20-01-1996,12,21,25,32,34,4
17-01-1996,1,11,14,17,33,34
13-01-1996,8,13,32,33,39,4
10-01-1996,12,15,18,26,35,43
06-01-1996,19,24,33,36,44,2
03-01-1996,8,13,23,31,38,14
30-12-1995,2,4,7,13,26,33
27-12-1995,8,17,24,27,44,23
23-12-1995,3,7,10,42,43,38
20-12-1995,10,17,20,39,42,33
16-12-1995,4,14,18,19,26,30
13-12-1995,6,17,25,36,42,16
09-12-1995,7,15,20,35,40,13
06-12-1995,1,2,3,26,27,19
02-12-1995,8,15,30,31,41,42
29-11-1995,6,10,11,25,37,45
25-11-1995,21,32,33,34,41,34
22-11-1995,6,10,24,31,43,17
18-11-1995,2,9,20,24,45,5
15-11-1995,12,21,24,32,41,5
11-11-1995,6,10,28,37,40,14
08-11-1995,3,9,14,18,28,15
04-11-1995,3,23,39,41,43,31
01-11-1995,12,19,20,27,42,6
28-10-1995,13,25,28,30,35,3
25-10-1995,1,2,6,31,36,9
21-10-1995,4,5,9,23,43,12
18-10-1995,2,17,21,22,29,10
14-10-1995,9,12,32,40,44,32
11-10-1995,9,10,17,41,44,19
07-10-1995,2,7,15,18,31,39
04-10-1995,13,24,27,35,44,18
30-09-1995,12,22,31,32,40,2
27-09-1995,1,2,25,41,45,28
23-09-1995,1,9,13,19,38,32
20-09-1995,3,10,17,27,36,39
16-09-1995,5,6,21,26,38,7
13-09-1995,11,19,31,32,39,9
09-09-1995,2,5,21,40,43,41
06-09-1995,2,16,27,36,43,42
02-09-1995,4,11,28,33,37,44
30-08-1995,3,5,27,34,37,28
26-08-1995,3,12,30,31,45,19
23-08-1995,21,23,25,35,38,26
19-08-1995,3,6,16,19,26,4
16-08-1995,16,17,26,30,38,1
12-08-1995,1,16,24,34,35,6
09-08-1995,16,22,23,29,33,10
05-08-1995,16,27,29,36,38,21
02-08-1995,11,15,17,22,37,23
29-07-1995,11,14,16,25,33,26
26-07-1995,5,9,16,23,28,10
22-07-1995,1,4,6,22,28,9
19-07-1995,5,13,27,41,42,41
15-07-1995,1,3,4,20,40,40
12-07-1995,12,27,34,35,41,13
08-07-1995,1,6,19,21,26,9
05-07-1995,6,14,21,23,41,6
01-07-1995,4,14,16,27,28,43
28-06-1995,6,11,13,19,40,12
24-06-1995,11,17,25,35,40,12
21-06-1995,16,21,23,26,42,26
17-06-1995,9,15,23,28,44,34
14-06-1995,2,12,20,35,37,21
10-06-1995,11,20,28,35,44,20
07-06-1995,13,24,28,36,39,42
03-06-1995,7,20,21,26,27,45
31-05-1995,7,14,16,24,36,27
27-05-1995,5,7,11,26,33,39
24-05-1995,7,14,25,26,29,9
20-05-1995,4,11,21,25,27,29
17-05-1995,2,10,12,30,43,10
13-05-1995,2,17,18,34,36,26
10-05-1995,1,5,16,27,32,27
06-05-1995,2,26,31,38,43,12
03-05-1995,5,15,24,42,44,3
29-04-1995,4,15,24,25,28,39
26-04-1995,15,28,30,35,43,19
22-04-1995,11,21,28,33,36,36
19-04-1995,1,3,11,22,28,42
15-04-1995,7,19,21,22,31,24
12-04-1995,4,7,13,27,35,29
08-04-1995,5,20,24,33,42,7
05-04-1995,3,10,19,23,29,26
01-04-1995,5,11,25,28,34,36
29-03-1995,2,9,19,24,28,33
25-03-1995,3,9,15,23,28,3
22-03-1995,6,10,12,25,35,15
18-03-1995,1,19,32,33,43,42
15-03-1995,11,23,26,34,42,21
11-03-1995,1,3,9,17,40,34
08-03-1995,15,32,36,39,45,8
04-03-1995,8,23,32,36,41,40
01-03-1995,16,19,20,21,35,33
25-02-1995,6,7,9,14,31,26
22-02-1995,32,40,43,44,45,18
18-02-1995,1,2,27,32,33,12
15-02-1995,9,10,27,34,36,40
11-02-1995,4,14,15,28,44,17
08-02-1995,2,13,14,26,39,6
04-02-1995,10,15,18,26,33,6
01-02-1995,11,23,31,34,36,5
28-01-1995,14,25,29,39,43,1
25-01-1995,8,18,26,27,30,12
21-01-1995,4,5,7,8,41,44
18-01-1995,17,19,28,32,38,5
14-01-1995,1,32,33,38,42,14
11-01-1995,14,15,25,30,35,13
07-01-1995,14,17,27,38,42,21
04-01-1995,12,18,19,34,40,17
31-12-1994,20,28,29,43,44,34
28-12-1994,17,27,40,43,44,24
24-12-1994,11,20,22,31,34,31
21-12-1994,1,8,22,24,34,1
17-12-1994,17,19,25,29,41,5
14-12-1994,5,18,22,35,39,1
10-12-1994,3,14,22,30,38,40
07-12-1994,14,17,18,25,35,37
03-12-1994,7,8,29,39,41,44
30-11-1994,5,13,24,29,31,40
26-11-1994,7,9,16,42,45,31
23-11-1994,3,16,30,34,41,41
19-11-1994,6,10,13,26,39,43
16-11-1994,12,22,23,31,40,24
12-11-1994,7,15,26,33,39,44
09-11-1994,10,24,31,33,44,12
05-11-1994,10,32,40,42,45,31
02-11-1994,8,13,16,18,21,22
29-10-1994,5,13,15,27,44,37
26-10-1994,10,15,17,22,32,28
22-10-1994,7,13,19,24,29,24
19-10-1994,3,17,19,29,34,8
15-10-1994,18,23,24,26,35,44
12-10-1994,4,14,21,30,36,3
08-10-1994,12,15,22,32,36,45
05-10-1994,8,14,29,35,39,1
01-10-1994,1,5,19,29,37,32
28-09-1994,10,11,19,26,40,9
24-09-1994,10,16,23,28,32,10
21-09-1994,25,27,30,38,45,18
17-09-1994,18,29,30,37,41,21
14-09-1994,4,20,28,36,44,31
10-09-1994,10,11,20,27,44,26
07-09-1994,21,29,38,43,45,27
03-09-1994,3,12,17,20,34,23
31-08-1994,8,11,19,23,34,7
27-08-1994,11,17,18,25,40,8
24-08-1994,1,20,25,28,43,4
20-08-1994,6,11,21,22,32,38
17-08-1994,11,22,25,34,35,45
13-08-1994,11,33,39,41,44,33
10-08-1994,2,11,20,27,44,16
06-08-1994,15,18,20,23,26,36
03-08-1994,6,22,29,36,43,45
30-07-1994,1,2,8,21,31,18
27-07-1994,5,23,24,32,44,15
23-07-1994,29,32,38,40,45,23
20-07-1994,1,11,19,27,37,26
16-07-1994,5,6,23,38,45,41
13-07-1994,8,22,25,35,38,20
09-07-1994,5,12,23,27,28,3
06-07-1994,6,9,11,22,23,2
02-07-1994,16,20,22,29,45,11
29-06-1994,23,26,27,28,39,4
25-06-1994,3,7,20,33,43,19
22-06-1994,3,8,19,26,33,41
18-06-1994,3,12,14,27,35,12
15-06-1994,3,13,14,29,45,2
11-06-1994,7,18,37,39,43,11
08-06-1994,9,15,23,31,44,1
04-06-1994,7,8,15,23,31,26
01-06-1994,2,20,32,36,38,31
28-05-1994,6,10,24,28,45,3
25-05-1994,6,9,15,22,26,10
21-05-1994,19,33,36,39,44,12
18-05-1994,5,6,25,33,36,39
14-05-1994,23,25,30,33,45,37
11-05-1994,6,9,23,33,39,42
07-05-1994,21,29,30,35,37,9
04-05-1994,22,23,39,44,45,6
30-04-1994,3,7,8,39,45,11
27-04-1994,12,19,30,33,36,29
23-04-1994,8,9,15,39,42,19
20-04-1994,11,12,22,24,26,19
16-04-1994,4,13,18,28,43,9
13-04-1994,6,14,17,22,45,35
09-04-1994,2,4,11,39,42,26
06-04-1994,7,10,24,26,31,36
02-04-1994,6,15,27,31,34,26
30-03-1994,1,2,12,17,22,36
26-03-1994,1,3,10,24,25,14
23-03-1994,3,22,27,34,40,15
19-03-1994,1,6,33,42,43,37
16-03-1994,8,19,20,35,42,35
12-03-1994,1,18,22,29,33,10
09-03-1994,22,28,33,44,45,26
05-03-1994,6,10,20,42,45,22
02-03-1994,4,8,24,37,43,20
26-02-1994,6,9,11,19,23,22
23-02-1994,7,27,40,43,44,4
19-02-1994,8,10,12,17,24,33
16-02-1994,8,18,20,38,40,10
12-02-1994,1,13,21,31,33,24
09-02-1994,6,11,17,41,43,24
05-02-1994,11,19,23,24,35,44
02-02-1994,3,8,11,27,37,7
29-01-1994,2,8,27,40,41,22
26-01-1994,3,15,22,27,34,8
22-01-1994,8,15,22,25,33,5
19-01-1994,7,18,33,44,45,36
15-01-1994,8,10,18,41,45,25
12-01-1994,2,4,6,15,34,20
08-01-1994,1,3,17,28,44,40
05-01-1994,4,16,25,37,41,36
01-01-1994,7,9,27,33,43,1
29-12-1993,6,7,12,30,43,28
25-12-1993,6,8,20,26,36,29
22-12-1993,1,3,13,15,29,12
18-12-1993,3,4,8,9,44,36
15-12-1993,9,26,39,43,45,40
11-12-1993,15,27,37,39,42,26
08-12-1993,18,26,32,34,43,10
04-12-1993,5,15,16,39,45,26
01-12-1993,2,4,18,31,39,43
27-11-1993,13,24,27,32,43,43
24-11-1993,2,4,25,26,27,38
20-11-1993,6,13,21,38,39,43
17-11-1993,4,13,24,32,41,37
13-11-1993,13,15,18,22,23,35
10-11-1993,23,25,28,31,36,39
06-11-1993,3,22,26,28,45,26
03-11-1993,1,6,7,9,11,24
30-10-1993,1,12,21,22,41,25
27-10-1993,5,9,13,16,38,26
23-10-1993,4,6,21,38,39,13
20-10-1993,10,13,27,34,35,22
16-10-1993,2,3,15,27,43,15
13-10-1993,7,18,25,39,44,16
09-10-1993,9,10,11,13,23,28
06-10-1993,9,23,34,42,44,15
02-10-1993,2,4,21,25,36,34
29-09-1993,3,4,12,28,41,33
25-09-1993,1,2,8,16,23,9
22-09-1993,4,15,17,18,40,43
18-09-1993,1,8,18,29,38,42
15-09-1993,4,11,27,36,42,23
11-09-1993,2,4,27,29,35,23
08-09-1993,6,18,30,44,45,11
04-09-1993,20,26,38,41,43,22
01-09-1993,1,11,23,26,34,21
28-08-1993,1,4,7,10,12,42
25-08-1993,1,13,20,22,45,11
21-08-1993,24,26,34,37,42,13
18-08-1993,12,25,32,34,38,45
14-08-1993,10,11,14,34,36,10
11-08-1993,13,22,39,42,44,44
07-08-1993,3,18,20,22,35,41
04-08-1993,5,11,19,34,37,28
31-07-1993,16,25,26,31,35,16
28-07-1993,1,13,26,28,35,1
24-07-1993,6,11,12,23,40,3
21-07-1993,3,13,23,25,36,18
17-07-1993,11,23,33,35,44,43
14-07-1993,9,14,16,21,37,9
10-07-1993,15,18,19,28,41,35
07-07-1993,4,8,19,28,41,30
03-07-1993,9,14,15,30,40,4
30-06-1993,12,24,31,34,40,44
26-06-1993,4,9,18,19,42,10
23-06-1993,4,6,15,16,41,3
19-06-1993,6,17,20,36,42,17
16-06-1993,7,20,27,35,36,18
12-06-1993,11,24,28,39,41,36
09-06-1993,9,20,29,41,43,41
05-06-1993,1,3,5,9,30,45
02-06-1993,16,23,24,33,42,31
29-05-1993,1,5,21,28,41,12
26-05-1993,5,9,27,30,34,6
22-05-1993,7,18,26,31,36,39
19-05-1993,12,24,31,35,38,8
15-05-1993,15,27,32,40,41,30
12-05-1993,10,24,35,36,39,13
08-05-1993,21,22,36,43,45,26
05-05-1993,7,15,40,42,43,11
01-05-1993,2,14,25,35,41,1
28-04-1993,1,13,16,37,41,2
24-04-1993,9,15,16,25,26,2
21-04-1993,3,8,10,14,29,37
17-04-1993,4,15,30,36,38,9
14-04-1993,6,7,17,29,33,21
10-04-1993,23,24,30,36,39,34
07-04-1993,7,19,33,36,43,23
03-04-1993,15,22,24,32,39,18
31-03-1993,1,12,19,39,41,13
27-03-1993,2,3,13,14,17,26
24-03-1993,3,13,25,41,44,42
20-03-1993,12,14,25,32,41,38
17-03-1993,9,26,32,40,41,11
13-03-1993,2,11,21,35,38,29
10-03-1993,5,11,27,29,42,12
06-03-1993,5,15,21,25,41,34
03-03-1993,5,9,15,16,26,44
27-02-1993,1,4,16,35,38,27
24-02-1993,16,24,32,35,42,45
20-02-1993,10,28,32,38,41,38
17-02-1993,1,6,16,22,26,32
13-02-1993,5,7,11,24,28,22
10-02-1993,4,15,16,26,28,33
06-02-1993,19,23,25,31,41,37
03-02-1993,11,29,40,41,43,5
30-01-1993,1,10,27,40,45,17
27-01-1993,14,17,18,34,38,32
23-01-1993,8,12,15,30,33,9
20-01-1993,8,27,31,33,42,20
16-01-1993,5,7,8,25,28,13
13-01-1993,2,3,11,37,45,29
09-01-1993,5,10,38,40,43,10
06-01-1993,14,20,25,34,42,16
02-01-1993,9,12,20,27,35,20
30-12-1992,1,11,18,30,41,12
26-12-1992,6,12,17,18,42,17
23-12-1992,7,12,21,25,31,11
19-12-1992,11,16,32,37,39,27
16-12-1992,4,7,11,25,40,24
12-12-1992,9,28,40,42,44,12
09-12-1992,6,17,22,27,34,22
05-12-1992,9,17,19,40,41,31
02-12-1992,1,4,26,35,42,28
28-11-1992,11,15,35,39,40,23
25-11-1992,10,12,14,20,26,35
21-11-1992,2,28,36,44,45,17
18-11-1992,15,27,31,35,45,7
14-11-1992,16,21,24,36,43,19
11-11-1992,4,31,34,38,44,39
07-11-1992,2,3,22,39,42,21
04-11-1992,6,8,9,22,30,36
31-10-1992,9,15,17,26,43,22
28-10-1992,1,4,10,18,36,28
24-10-1992,3,16,24,31,35,16
21-10-1992,6,23,26,28,29,36
17-10-1992,5,13,22,28,29,12
14-10-1992,18,20,23,34,40,2
10-10-1992,3,8,23,26,35,34
07-10-1992,9,10,20,31,34,10
03-10-1992,18,36,39,40,43,5
30-09-1992,2,9,22,23,24,6
26-09-1992,17,24,40,44,45,14
23-09-1992,12,18,20,26,40,11
19-09-1992,17,19,21,29,36,45
16-09-1992,9,13,25,33,34,20
12-09-1992,10,20,22,26,34,35
09-09-1992,12,17,27,33,37,37
05-09-1992,3,4,23,24,34,6
02-09-1992,3,9,16,24,34,5
29-08-1992,14,17,30,32,41,27
26-08-1992,6,7,25,33,36,1
22-08-1992,4,36,40,43,44,43
19-08-1992,2,5,9,11,17,41
15-08-1992,7,16,17,42,45,12
12-08-1992,2,3,6,11,23,33
08-08-1992,5,14,19,26,30,27
05-08-1992,8,15,21,26,38,6
01-08-1992,10,15,17,20,28,29
29-07-1992,1,12,29,35,42,29
25-07-1992,15,21,27,32,37,37
22-07-1992,4,16,18,19,36,3
18-07-1992,2,5,18,19,35,40
15-07-1992,12,18,24,30,36,32
11-07-1992,9,11,24,28,44,20
08-07-1992,9,25,28,35,43,13
04-07-1992,5,7,15,22,45,31
01-07-1992,10,24,31,33,45,30
27-06-1992,17,23,24,31,35,25
24-06-1992,9,10,19,36,40,39
20-06-1992,7,11,15,21,35,12
17-06-1992,1,9,14,26,32,13
13-06-1992,13,27,29,42,43,41
10-06-1992,1,8,24,30,36,28
06-06-1992,2,6,9,10,42,20
03-06-1992,1,2,11,19,30,15
30-05-1992,4,8,17,19,45,9
27-05-1992,30,32,41,42,44,6
23-05-1992,23,27,28,36,44,26
20-05-1992,3,11,16,30,34,45
16-05-1992,2,9,19,28,30,38
13-05-1992,3,6,13,33,43,37
09-05-1992,1,12,16,23,31,33
06-05-1992,27,29,30,36,43,4
02-05-1992,14,23,31,32,41,33
29-04-1992,1,8,10,28,35,10
25-04-1992,6,9,22,42,44,12
22-04-1992,2,25,35,41,42,15
